survey_week,beach_section_initials,species_2,total,mean_wrack
3/12/2012,MIN,SNPL,14,1.5
3/12/2012,SAN,Gull,1,1.275
3/12/2012,SAN,SAND,66,1.275
3/12/2012,SAN,SNPL,25,1.275
3/12/2012,SHN,SNPL,9,1.923076923
3/12/2012,SHS,SAND,1065,1.7
3/12/2012,SNO,SAND,826,1.866666667
3/12/2012,SNO,SNPL,141,1.866666667
3/12/2012,SNO,Gull,1,1.866666667
3/12/2012,SSO,SAND,2316,1.735294118
3/12/2012,SSO,SNPL,35,1.735294118
3/12/2012,WAL,SAND,7,1.461538462
3/12/2012,WAL,SNPL,11,1.461538462
3/19/2012,MIN,SNPL,19,1.5
3/19/2012,SAN,SAND,1500,1.05
3/19/2012,SAN,SNPL,67,1.05
3/19/2012,SHN,SAND,400,1.961538462
3/19/2012,SHN,SNPL,7,1.961538462
3/19/2012,SHS,SAND,150,1.65
3/19/2012,SHS,SNPL,8,1.65
3/19/2012,SNO,SAND,3000,1.722222222
3/19/2012,SNO,SNPL,74,1.722222222
3/19/2012,SSO,Gull,1,2.352941176
3/19/2012,SSO,SNPL,41,2.352941176
3/19/2012,WAL,SNPL,13,2.75
3/26/2012,MIN,SAND,2500,1.5
3/26/2012,MIN,SNPL,18,1.5
3/26/2012,PNO,Gull,2,1.833333333
3/26/2012,SAN,SNPL,55,1.325
3/26/2012,SHN,SAND,3110,1.730769231
3/26/2012,SHN,SNPL,15,1.730769231
3/26/2012,SHS,Gull,1,1.6
3/26/2012,SHS,SAND,300,1.6
3/26/2012,SHS,SNPL,14,1.6
3/26/2012,SNO,SAND,1950,1.5
3/26/2012,SNO,SNPL,81,1.5
3/26/2012,SNO,Gull,1,1.5
3/26/2012,SSO,SAND,1,1.527777778
3/26/2012,SSO,SNPL,44,1.527777778
3/26/2012,SSO,Gull,7,1.527777778
3/26/2012,WAL,SAND,500,1.125
3/26/2012,WAL,SNPL,28,1.125
4/2/2012,MIN,Gull,3,0.916666667
4/2/2012,MIN,SAND,415,0.916666667
4/2/2012,MIN,SNPL,41,0.916666667
4/2/2012,MIN,Gull,1,0.916666667
4/2/2012,SHS,SAND,1000,2
4/9/2012,SAN,SAND,2000,1.8
4/9/2012,SAN,SNPL,22,1.8
4/9/2012,SNO,SAND,1100,1.266666667
4/9/2012,SNO,SNPL,75,1.266666667
4/9/2012,SSO,SNPL,30,1.888888889
4/9/2012,WAL,SAND,1700,1.153846154
4/9/2012,WAL,SNPL,22,1.153846154
4/9/2012,WAL,Gull,40,1.153846154
4/16/2012,MIN,SNPL,11,1.583333333
4/16/2012,PNO,SNPL,4,1.5
4/16/2012,SAN,SAND,27,1.075
4/16/2012,SAN,SNPL,61,1.075
4/16/2012,SHN,SAND,2000,1.538461538
4/16/2012,SHN,SNPL,14,1.538461538
4/16/2012,SHS,SAND,20,1.3
4/16/2012,SHS,SNPL,14,1.3
4/16/2012,SNO,SAND,630,2.033333333
4/16/2012,SNO,SNPL,68,2.033333333
4/16/2012,SSO,Gull,1,1.555555556
4/16/2012,SSO,SAND,80,1.555555556
4/16/2012,SSO,SNPL,29,1.555555556
4/16/2012,WAL,SAND,43,1.538461538
4/16/2012,WAL,SNPL,44,1.538461538
4/23/2012,MIN,SNPL,13,0.928571429
4/23/2012,SHN,SNPL,2,1.166666667
4/23/2012,WAL,Gull,5,1.041666667
4/23/2012,WAL,SAND,1730,1.041666667
4/23/2012,WAL,SNPL,27,1.041666667
4/30/2012,MIN,SNPL,8,1.5
4/30/2012,SAN,SAND,5,1.1
4/30/2012,SAN,SNPL,41,1.1
4/30/2012,SHN,SAND,40,1.192307692
4/30/2012,SHN,SNPL,16,1.192307692
4/30/2012,SHS,SNPL,3,0.85
4/30/2012,SNO,SAND,2000,2.566666667
4/30/2012,SNO,SNPL,52,2.566666667
4/30/2012,SSO,SNPL,22,1.333333333
4/30/2012,WAL,Gull,60,2
4/30/2012,WAL,SNPL,2,2
5/7/2012,MIN,Gull,3,1.416666667
5/7/2012,MIN,Gull,1,1.416666667
5/7/2012,MIN,SAND,1200,1.416666667
5/7/2012,MIN,SNPL,9,1.416666667
5/7/2012,PNO,SNPL,1,1.5
5/7/2012,SAN,SAND,2100,1.25
5/7/2012,SAN,SNPL,53,1.25
5/7/2012,SHN,SAND,2820,1.846153846
5/7/2012,SHN,SNPL,13,1.846153846
5/7/2012,SHS,Gull,3,1.15
5/7/2012,SHS,SAND,20,1.15
5/7/2012,SHS,SNPL,9,1.15
5/7/2012,SHS,Gull,3,1.15
5/7/2012,SNO,Gull,1,2.733333333
5/7/2012,SNO,SAND,249,2.733333333
5/7/2012,SNO,SNPL,55,2.733333333
5/7/2012,SSO,SAND,2860,2.194444444
5/7/2012,SSO,SNPL,33,2.194444444
5/7/2012,SSO,Gull,1,2.194444444
5/7/2012,WAL,Gull,53,2.923076923
5/7/2012,WAL,SAND,924,2.923076923
5/7/2012,WAL,SNPL,33,2.923076923
5/7/2012,WAL,Gull,9,2.923076923
5/14/2012,MIN,SNPL,11,1.083333333
5/14/2012,PNO,SNPL,2,1.25
5/14/2012,SAN,SAND,20,1.5
5/14/2012,SAN,SNPL,4,1.5
5/14/2012,SHN,SNPL,21,1.076923077
5/14/2012,SHS,SNPL,9,0.6
5/14/2012,WAL,Gull,150,2.454545455
5/14/2012,WAL,SAND,1975,2.454545455
5/14/2012,WAL,SNPL,15,2.454545455
5/21/2012,MIN,SNPL,3,1.25
5/21/2012,PNO,SAND,50,2
5/21/2012,PNO,SNPL,6,2
5/21/2012,SAN,SAND,1300,0.925
5/21/2012,SAN,SNPL,37,0.925
5/21/2012,SHN,SNPL,10,1.076923077
5/21/2012,SHS,SNPL,6,0.85
5/21/2012,SNO,SAND,20,2.133333333
5/21/2012,SNO,SNPL,37,2.133333333
5/21/2012,SNO,Gull,1,2.133333333
5/21/2012,SSO,SNPL,35,1.777777778
5/21/2012,WAL,Gull,123,3.076923077
5/21/2012,WAL,SAND,431,3.076923077
5/21/2012,WAL,SNPL,36,3.076923077
5/21/2012,WAL,Gull,24,3.076923077
5/28/2012,SNO,SNPL,48,2.6
5/28/2012,SNO,Gull,6,2.6
5/28/2012,SSO,SNPL,22,1.944444444
5/28/2012,SSO,Gull,2,1.944444444
5/28/2012,WAL,Gull,3,3.230769231
5/28/2012,WAL,SAND,55,3.230769231
5/28/2012,WAL,SNPL,33,3.230769231
6/4/2012,MIN,SNPL,6,1.666666667
6/4/2012,SAN,SNPL,68,1.125
6/4/2012,SHN,SNPL,5,1.307692308
6/4/2012,SHS,SNPL,10,0.65
6/11/2012,MIN,Gull,17,3
6/11/2012,MIN,Gull,8,3
6/11/2012,MIN,SNPL,2,3
6/11/2012,MIN,Gull,1,3
6/11/2012,PNO,SNPL,6,2.333333333
6/11/2012,SAN,SNPL,29,2
6/11/2012,SHN,Gull,71,2.846153846
6/11/2012,SHN,Gull,41,2.846153846
6/11/2012,SHN,SNPL,14,2.846153846
6/11/2012,SHS,Gull,15,2.4
6/11/2012,SHS,SNPL,6,2.4
6/11/2012,SNO,SNPL,71,2.2
6/11/2012,SSO,SNPL,37,1.777777778
6/11/2012,WAL,SNPL,33,2.923076923
6/11/2012,WAL,Gull,4,2.923076923
6/18/2012,MIN,Gull,10,2.583333333
6/18/2012,MIN,Gull,10,2.583333333
6/18/2012,MIN,SNPL,3,2.583333333
6/18/2012,PNO,Gull,1,2.333333333
6/18/2012,PNO,Gull,1,2.333333333
6/18/2012,SAN,Gull,25,1.35
6/18/2012,SAN,Gull,86,1.35
6/18/2012,SAN,SNPL,117,1.35
6/18/2012,SAN,Gull,15,1.35
6/18/2012,SHN,Gull,7,2.653846154
6/18/2012,SHN,Gull,8,2.653846154
6/18/2012,SHN,SNPL,10,2.653846154
6/18/2012,SHS,Gull,14,1.6
6/18/2012,SHS,Gull,41,1.6
6/18/2012,SHS,SNPL,3,1.6
6/18/2012,SNO,SNPL,37,2.166666667
6/18/2012,SSO,SNPL,46,1.722222222
6/18/2012,WAL,SNPL,43,3.08
6/25/2012,MIN,Gull,7,1.75
6/25/2012,MIN,Gull,36,1.75
6/25/2012,MIN,SNPL,6,1.75
6/25/2012,PNO,Gull,6,1.666666667
6/25/2012,PNO,Gull,44,1.666666667
6/25/2012,PNO,SNPL,2,1.666666667
6/25/2012,PNO,Gull,10,1.666666667
6/25/2012,SAN,Gull,6,1.2
6/25/2012,SAN,Gull,225,1.2
6/25/2012,SAN,SNPL,73,1.2
6/25/2012,SAN,Gull,1,1.2
6/25/2012,SHN,Gull,179,1.653846154
6/25/2012,SHN,SNPL,7,1.653846154
6/25/2012,SHS,Gull,2,1
6/25/2012,SHS,Gull,252,1
6/25/2012,SHS,SNPL,4,1
6/25/2012,SNO,Gull,250,1.933333333
6/25/2012,SNO,SNPL,60,1.933333333
6/25/2012,SSO,Gull,6,1.611111111
6/25/2012,SSO,Gull,355,1.611111111
6/25/2012,SSO,SNPL,52,1.611111111
6/25/2012,SSO,Gull,3,1.611111111
6/25/2012,WAL,Gull,1,3.692307692
6/25/2012,WAL,Gull,128,3.692307692
6/25/2012,WAL,SNPL,29,3.692307692
6/25/2012,WAL,Gull,50,3.692307692
7/2/2012,MIN,Gull,5,1.916666667
7/2/2012,MIN,Gull,102,1.916666667
7/2/2012,MIN,SNPL,3,1.916666667
7/2/2012,MIN,Gull,2,1.916666667
7/2/2012,PNO,Gull,6,2
7/2/2012,PNO,Gull,41,2
7/2/2012,PNO,SNPL,3,2
7/2/2012,PNO,Gull,3,2
7/2/2012,SAN,Gull,5,1.15
7/2/2012,SAN,Gull,414,1.15
7/2/2012,SAN,SNPL,70,1.15
7/2/2012,SAN,Gull,18,1.15
7/2/2012,SHN,Gull,36,2.692307692
7/2/2012,SHN,Gull,195,2.692307692
7/2/2012,SHN,SNPL,10,2.692307692
7/2/2012,SHN,Gull,6,2.692307692
7/2/2012,SHS,Gull,17,1.35
7/2/2012,SHS,Gull,359,1.35
7/2/2012,SHS,SNPL,5,1.35
7/2/2012,SNO,SNPL,58,2.066666667
7/2/2012,SSO,SNPL,53,1.722222222
7/2/2012,WAL,Gull,3,3.384615385
7/2/2012,WAL,Gull,55,3.384615385
7/2/2012,WAL,SNPL,53,3.384615385
7/2/2012,WAL,Gull,15,3.384615385
7/9/2012,MIN,SNPL,2,1.5
7/9/2012,PNO,Gull,39,2.666666667
7/9/2012,PNO,SNPL,3,2.666666667
7/9/2012,PNO,Gull,8,2.666666667
7/9/2012,SAN,Gull,73,0.975
7/9/2012,SAN,SNPL,64,0.975
7/9/2012,SHN,SNPL,3,1.692307692
7/9/2012,SHS,SNPL,15,0.8
7/9/2012,SNO,SNPL,67,1.9
7/9/2012,SSO,SNPL,53,1.694444444
7/9/2012,WAL,Gull,8,3.192307692
7/9/2012,WAL,SNPL,35,3.192307692
7/16/2012,PNO,Gull,24,1.666666667
7/16/2012,PNO,SNPL,4,1.666666667
7/16/2012,PNO,Gull,6,1.666666667
7/16/2012,SAN,Gull,1,0.975
7/16/2012,SAN,SAND,8,0.975
7/16/2012,SAN,SNPL,74,0.975
7/16/2012,SHN,SNPL,15,1.576923077
7/16/2012,SHS,SNPL,5,1.05
7/16/2012,SNO,Gull,14,0.8
7/16/2012,SNO,SAND,5,0.8
7/16/2012,SNO,SNPL,78,0.8
7/16/2012,SSO,Gull,2,1.166666667
7/16/2012,SSO,SNPL,44,1.166666667
7/16/2012,WAL,Gull,50,2.423076923
7/16/2012,WAL,Gull,63,2.423076923
7/16/2012,WAL,SAND,80,2.423076923
7/16/2012,WAL,SNPL,47,2.423076923
7/16/2012,WAL,Gull,30,2.423076923
7/23/2012,MIN,Gull,8,1.833333333
7/23/2012,MIN,Gull,285,1.833333333
7/23/2012,PNO,Gull,26,1.666666667
7/23/2012,PNO,SNPL,3,1.666666667
7/23/2012,PNO,Gull,10,1.666666667
7/23/2012,SAN,Gull,1,1.25
7/23/2012,SAN,Gull,26,1.25
7/23/2012,SAN,SNPL,58,1.25
7/23/2012,SAN,Gull,9,1.25
7/23/2012,SHN,Gull,2,1.423076923
7/23/2012,SHN,Gull,85,1.423076923
7/23/2012,SHN,SNPL,38,1.423076923
7/23/2012,SHS,Gull,8,1.1
7/23/2012,SHS,Gull,26,1.1
7/23/2012,SHS,SAND,30,1.1
7/23/2012,SHS,SNPL,3,1.1
7/23/2012,SHS,Gull,3,1.1
7/23/2012,SNO,Gull,40,1.7
7/23/2012,SNO,Gull,60,1.7
7/23/2012,SNO,SAND,4,1.7
7/23/2012,SNO,SNPL,117,1.7
7/23/2012,SNO,Gull,21,1.7
7/23/2012,SSO,Gull,12,1.222222222
7/23/2012,SSO,Gull,20,1.222222222
7/23/2012,SSO,SNPL,8,1.222222222
7/23/2012,SSO,Gull,8,1.222222222
7/23/2012,WAL,SAND,77,2.653846154
7/23/2012,WAL,SNPL,30,2.653846154
7/30/2012,MIN,Gull,2,2.666666667
7/30/2012,MIN,Gull,320,2.666666667
7/30/2012,MIN,Gull,1,2.666666667
7/30/2012,PNO,Gull,3,2
7/30/2012,PNO,Gull,35,2
7/30/2012,PNO,SNPL,6,2
7/30/2012,PNO,Gull,7,2
7/30/2012,SAN,Gull,11,1.62
7/30/2012,SAN,Gull,113,1.62
7/30/2012,SAN,SNPL,51,1.62
7/30/2012,SAN,Gull,20,1.62
7/30/2012,SHN,Gull,97,2.423076923
7/30/2012,SHN,SAND,50,2.423076923
7/30/2012,SHN,SNPL,47,2.423076923
7/30/2012,SHS,Gull,84,1.35
7/30/2012,SHS,SAND,300,1.35
7/30/2012,SHS,SNPL,7,1.35
7/30/2012,SHS,Gull,1,1.35
7/30/2012,SNO,Gull,1,1.9
7/30/2012,SNO,Gull,11,1.9
7/30/2012,SNO,SAND,4,1.9
7/30/2012,SNO,SNPL,82,1.9
7/30/2012,SNO,Gull,1,1.9
7/30/2012,SSO,SAND,1,1.861111111
7/30/2012,SSO,SNPL,62,1.861111111
7/30/2012,WAL,Gull,4,3.230769231
7/30/2012,WAL,Gull,14,3.230769231
7/30/2012,WAL,SAND,58,3.230769231
7/30/2012,WAL,SNPL,47,3.230769231
7/30/2012,WAL,Gull,18,3.230769231
8/6/2012,MIN,Gull,59,2.416666667
8/6/2012,MIN,SNPL,2,2.416666667
8/6/2012,MIN,Gull,4,2.416666667
8/6/2012,PNO,Gull,1,2.5
8/6/2012,PNO,SAND,2120,2.5
8/6/2012,PNO,SNPL,14,2.5
8/6/2012,PNO,Gull,45,2.5
8/6/2012,SAN,Gull,64,1.175
8/6/2012,SAN,SAND,3230,1.175
8/6/2012,SAN,SNPL,54,1.175
8/6/2012,SAN,Gull,14,1.175
8/6/2012,SHN,Gull,12,1.730769231
8/6/2012,SHN,SNPL,11,1.730769231
8/6/2012,SHN,Gull,2,1.730769231
8/6/2012,SHS,Gull,2,1.15
8/6/2012,SHS,Gull,62,1.15
8/6/2012,SHS,SAND,3,1.15
8/6/2012,SHS,SNPL,9,1.15
8/6/2012,SHS,Gull,4,1.15
8/6/2012,SNO,SAND,16,1.8
8/6/2012,SNO,SNPL,142,1.8
8/6/2012,SSO,SNPL,41,1.25
8/6/2012,WAL,SAND,2,2.269230769
8/6/2012,WAL,SNPL,18,2.269230769
8/13/2012,MIN,Gull,8,2.083333333
8/13/2012,MIN,Gull,132,2.083333333
8/13/2012,MIN,Gull,9,2.083333333
8/13/2012,PNO,Gull,30,2.333333333
8/13/2012,PNO,SAND,45,2.333333333
8/13/2012,PNO,SNPL,10,2.333333333
8/13/2012,PNO,Gull,35,2.333333333
8/13/2012,SAN,Gull,14,1.6
8/13/2012,SAN,Gull,175,1.6
8/13/2012,SAN,SAND,1150,1.6
8/13/2012,SAN,SNPL,87,1.6
8/13/2012,SAN,Gull,7,1.6
8/13/2012,SHN,Gull,1,1.538461538
8/13/2012,SHN,Gull,3,1.538461538
8/13/2012,SHN,SNPL,48,1.538461538
8/13/2012,SHN,Gull,1,1.538461538
8/13/2012,SHS,Gull,51,0.8
8/13/2012,SHS,SAND,16,0.8
8/13/2012,SHS,SNPL,16,0.8
8/13/2012,SHS,Gull,2,0.8
8/13/2012,SNO,Gull,2,1.9
8/13/2012,SNO,SAND,62,1.9
8/13/2012,SNO,SNPL,91,1.9
8/13/2012,SNO,Gull,1,1.9
8/13/2012,SSO,SNPL,79,1.638888889
8/13/2012,SSO,Gull,1,1.638888889
8/13/2012,WAL,Gull,5,4.269230769
8/13/2012,WAL,SAND,193,4.269230769
8/13/2012,WAL,SNPL,42,4.269230769
8/13/2012,WAL,Gull,6,4.269230769
8/20/2012,MIN,Gull,16,1.833333333
8/20/2012,MIN,Gull,266,1.833333333
8/20/2012,MIN,Gull,17,1.833333333
8/20/2012,PNO,Gull,20,2.666666667
8/20/2012,PNO,Gull,80,2.666666667
8/20/2012,PNO,SAND,104,2.666666667
8/20/2012,PNO,SNPL,25,2.666666667
8/20/2012,PNO,Gull,22,2.666666667
8/20/2012,SAN,Gull,14,1.9
8/20/2012,SAN,Gull,122,1.9
8/20/2012,SAN,SAND,102,1.9
8/20/2012,SAN,SNPL,101,1.9
8/20/2012,SAN,Gull,15,1.9
8/20/2012,SHN,Gull,4,1.384615385
8/20/2012,SHN,Gull,55,1.384615385
8/20/2012,SHN,SAND,4,1.384615385
8/20/2012,SHN,SNPL,44,1.384615385
8/20/2012,SHN,Gull,3,1.384615385
8/20/2012,SHS,Gull,5,1.05
8/20/2012,SHS,Gull,140,1.05
8/20/2012,SHS,SNPL,18,1.05
8/20/2012,SHS,Gull,5,1.05
8/20/2012,SNO,SAND,86,2.466666667
8/20/2012,SNO,SNPL,97,2.466666667
8/20/2012,SSO,Gull,2,2.027777778
8/20/2012,SSO,Gull,20,2.027777778
8/20/2012,SSO,SNPL,70,2.027777778
8/20/2012,SSO,Gull,5,2.027777778
8/20/2012,WAL,Gull,1,2.884615385
8/20/2012,WAL,SAND,190,2.884615385
8/20/2012,WAL,SNPL,42,2.884615385
8/27/2012,MIN,Gull,22,2.083333333
8/27/2012,MIN,Gull,116,2.083333333
8/27/2012,MIN,Gull,5,2.083333333
8/27/2012,PNO,Gull,39,2.5
8/27/2012,PNO,Gull,100,2.5
8/27/2012,PNO,SAND,72,2.5
8/27/2012,PNO,SNPL,2,2.5
8/27/2012,PNO,Gull,29,2.5
8/27/2012,SAN,Gull,1,1.525
8/27/2012,SAN,Gull,41,1.525
8/27/2012,SAN,SAND,1,1.525
8/27/2012,SAN,SNPL,134,1.525
8/27/2012,SAN,Gull,3,1.525
8/27/2012,SHN,Gull,260,2.153846154
8/27/2012,SHN,SNPL,9,2.153846154
8/27/2012,SHS,Gull,30,1.5
8/27/2012,SHS,Gull,216,1.5
8/27/2012,SHS,SNPL,39,1.5
8/27/2012,SHS,Gull,17,1.5
8/27/2012,SNO,SAND,330,2.3
8/27/2012,SNO,SNPL,133,2.3
8/27/2012,SSO,SNPL,65,1.861111111
8/27/2012,WAL,SAND,49,3
8/27/2012,WAL,SNPL,18,3
9/3/2012,SNO,SAND,1069,2.333333333
9/3/2012,SNO,SNPL,192,2.333333333
9/3/2012,SSO,SNPL,48,1.777777778
9/3/2012,WAL,SAND,20,2.807692308
9/3/2012,WAL,SNPL,14,2.807692308
9/10/2012,SNO,SAND,2147,2.566666667
9/10/2012,SNO,SNPL,172,2.566666667
9/10/2012,SSO,Gull,3,2.25
9/10/2012,SSO,Gull,20,2.25
9/10/2012,SSO,SAND,28,2.25
9/10/2012,SSO,SNPL,22,2.25
9/10/2012,SSO,Gull,3,2.25
9/10/2012,WAL,Gull,14,2.961538462
9/10/2012,WAL,Gull,90,2.961538462
9/10/2012,WAL,SAND,562,2.961538462
9/10/2012,WAL,SNPL,25,2.961538462
9/10/2012,WAL,Gull,5,2.961538462
9/17/2012,MIN,Gull,2,2.5
9/17/2012,MIN,Gull,422,2.5
9/17/2012,MIN,SNPL,1,2.5
9/17/2012,PNO,Gull,20,1.5
9/17/2012,PNO,Gull,26,1.5
9/17/2012,PNO,SAND,2012,1.5
9/17/2012,PNO,Gull,40,1.5
9/17/2012,SAN,Gull,112,1.8
9/17/2012,SAN,SNPL,71,1.8
9/17/2012,SAN,Gull,35,1.8
9/17/2012,SHN,Gull,61,1.730769231
9/17/2012,SHN,SAND,110,1.730769231
9/17/2012,SHN,SNPL,76,1.730769231
9/17/2012,SHS,Gull,10,1.2
9/17/2012,SHS,Gull,126,1.2
9/17/2012,SHS,SNPL,32,1.2
3/11/2013,SAN,SNPL,70,1.315789474
3/11/2013,SHN,Gull,1,1.423076923
3/11/2013,SHN,SAND,501,1.423076923
3/11/2013,SHN,SNPL,28,1.423076923
3/11/2013,SHS,SNPL,2,1
3/11/2013,SNO,SAND,933,0.966666667
3/11/2013,SNO,SNPL,54,0.966666667
3/11/2013,SSO,SAND,1038,1.083333333
3/11/2013,SSO,SNPL,37,1.083333333
3/11/2013,WAL,SAND,377,1.038461538
3/11/2013,WAL,SNPL,18,1.038461538
3/18/2013,MIN,Gull,1,1
3/18/2013,MIN,SNPL,2,1
3/18/2013,SAN,SAND,1000,0.857142857
3/18/2013,SAN,SNPL,7,0.857142857
3/18/2013,SHN,SAND,25,0.884615385
3/18/2013,SHN,SNPL,34,0.884615385
3/18/2013,SHS,SNPL,2,0.5
3/18/2013,SHS,Gull,2,0.5
3/18/2013,SNO,SAND,1470,1.1
3/18/2013,SNO,SNPL,62,1.1
3/18/2013,SNO,Gull,1,1.1
3/18/2013,SSO,SAND,2400,1.111111111
3/18/2013,SSO,SNPL,37,1.111111111
3/18/2013,WAL,Gull,140,0.846153846
3/18/2013,WAL,SAND,130,0.846153846
3/18/2013,WAL,SNPL,29,0.846153846
3/18/2013,WAL,Gull,14,0.846153846
3/25/2013,MIN,SNPL,2,0.166666667
3/25/2013,PNO,SNPL,1,1.666666667
3/25/2013,SAN,SNPL,15,1
3/25/2013,SHN,SNPL,15,0.653846154
3/25/2013,SHS,SNPL,10,0.25
3/25/2013,SNO,SNPL,50,1.666666667
3/25/2013,SSO,SAND,401,1.055555556
3/25/2013,SSO,SNPL,31,1.055555556
3/25/2013,WAL,Gull,2,1.384615385
3/25/2013,WAL,SAND,5,1.384615385
3/25/2013,WAL,SNPL,16,1.384615385
4/1/2013,MIN,SNPL,2,1.833333333
4/1/2013,PNO,SAND,2,1.666666667
4/1/2013,SAN,SAND,1,1
4/1/2013,SAN,SNPL,54,1
4/1/2013,SHN,SNPL,24,2.115384615
4/1/2013,SHS,SNPL,9,1.45
4/1/2013,SNO,SAND,2007,1.266666667
4/1/2013,SNO,SNPL,61,1.266666667
4/1/2013,SSO,SNPL,32,1
4/1/2013,WAL,Gull,90,1.115384615
4/1/2013,WAL,SAND,450,1.115384615
4/1/2013,WAL,SNPL,18,1.115384615
4/8/2013,MIN,SNPL,5,1.416666667
4/8/2013,PNO,SNPL,2,2.833333333
4/8/2013,SAN,SAND,230,2.155172414
4/8/2013,SAN,SNPL,82,2.155172414
4/8/2013,SHN,SAND,200,1.884615385
4/8/2013,SHN,SNPL,24,1.884615385
4/8/2013,SNO,Gull,135,2.233333333
4/8/2013,SNO,SAND,10113,2.233333333
4/8/2013,SNO,SNPL,47,2.233333333
4/8/2013,SNO,Gull,1,2.233333333
4/8/2013,SSO,Gull,1,2.305555556
4/8/2013,SSO,SAND,1390,2.305555556
4/8/2013,SSO,SNPL,30,2.305555556
4/8/2013,WAL,Gull,80,1.666666667
4/8/2013,WAL,SAND,1000,1.666666667
4/8/2013,WAL,SNPL,26,1.666666667
4/8/2013,WAL,Gull,3,1.666666667
4/15/2013,MIN,SNPL,3,1
4/15/2013,PNO,SAND,120,2.5
4/15/2013,PNO,SNPL,2,2.5
4/15/2013,PNO,Gull,2,2.5
4/15/2013,SAN,SAND,145,1.875
4/15/2013,SAN,SNPL,36,1.875
4/15/2013,SHN,SAND,1,1.115384615
4/15/2013,SHN,SNPL,34,1.115384615
4/15/2013,SHS,SNPL,8,1.15
4/15/2013,SNO,Gull,2,1.9
4/15/2013,SNO,SAND,4030,1.9
4/15/2013,SNO,SNPL,45,1.9
4/15/2013,SNO,Gull,3,1.9
4/15/2013,SSO,SAND,1500,2.416666667
4/15/2013,SSO,SNPL,24,2.416666667
4/15/2013,WAL,Gull,31,1.576923077
4/15/2013,WAL,SAND,1200,1.576923077
4/15/2013,WAL,SNPL,34,1.576923077
4/22/2013,MIN,SNPL,1,1.25
4/22/2013,PNO,SNPL,3,0.5
4/22/2013,SAN,SAND,2,1.15
4/22/2013,SAN,SNPL,57,1.15
4/22/2013,SHN,SAND,130,2.307692308
4/22/2013,SHN,SNPL,19,2.307692308
4/22/2013,SHS,SNPL,10,1.7
4/22/2013,SNO,SAND,2935,1.4
4/22/2013,SNO,SNPL,45,1.4
4/22/2013,SSO,SAND,50,1.3
4/22/2013,SSO,SNPL,4,1.3
4/22/2013,WAL,Gull,50,1.884615385
4/22/2013,WAL,SAND,237,1.884615385
4/22/2013,WAL,SNPL,30,1.884615385
4/29/2013,MIN,SNPL,2,2.25
4/29/2013,MIN,Gull,3,2.25
4/29/2013,PNO,SNPL,2,2.166666667
4/29/2013,SAN,Gull,5,1.475
4/29/2013,SAN,SAND,4,1.475
4/29/2013,SAN,SNPL,64,1.475
4/29/2013,SAN,Gull,17,1.475
4/29/2013,SHN,SNPL,17,2.346153846
4/29/2013,SHS,SAND,5,1.45
4/29/2013,SNO,SNPL,36,2.428571429
4/29/2013,SSO,SNPL,27,2.416666667
4/29/2013,WAL,SNPL,30,2.576923077
5/6/2013,MIN,SNPL,3,1.666666667
5/6/2013,PNO,SNPL,8,2.166666667
5/6/2013,SAN,SAND,2,1.2
5/6/2013,SAN,SNPL,65,1.2
5/6/2013,SHN,SNPL,6,1.884615385
5/6/2013,SHS,SNPL,12,1.8
5/6/2013,SNO,SAND,3,2.1
5/6/2013,SNO,SNPL,39,2.1
5/6/2013,SSO,SNPL,21,1.944444444
5/6/2013,WAL,SAND,52,2.384615385
5/6/2013,WAL,SNPL,17,2.384615385
5/6/2013,WAL,Gull,3,2.384615385
5/13/2013,MIN,SAND,1,1.833333333
5/13/2013,MIN,SNPL,1,1.833333333
5/13/2013,PNO,SNPL,6,1
5/13/2013,SAN,SAND,3,1.2
5/13/2013,SAN,SNPL,89,1.2
5/13/2013,SHN,SNPL,9,1.692307692
5/13/2013,SHS,SNPL,3,1.6
5/13/2013,SNO,SAND,500,1.733333333
5/13/2013,SNO,SNPL,55,1.733333333
5/13/2013,SSO,SNPL,29,1.138888889
5/13/2013,WAL,Gull,1,3.038461538
5/13/2013,WAL,SAND,50,3.038461538
5/13/2013,WAL,SNPL,22,3.038461538
5/20/2013,MIN,Gull,2,2.5
5/20/2013,PNO,SAND,300,2.5
5/20/2013,PNO,SNPL,4,2.5
5/20/2013,PNO,Gull,1,2.5
5/20/2013,SAN,SAND,800,1.25
5/20/2013,SAN,SNPL,73,1.25
5/20/2013,SAN,Gull,1,1.25
5/20/2013,SHN,SNPL,9,2.076923077
5/20/2013,SHS,SNPL,6,1.4
5/20/2013,SHS,Gull,3,1.4
5/20/2013,SNO,SNPL,53,2.5
5/20/2013,SSO,SNPL,21,2.305555556
5/20/2013,WAL,SNPL,38,3.076923077
6/3/2013,PNO,Gull,15,3
6/3/2013,PNO,SNPL,12,3
6/3/2013,PNO,Gull,2,3
6/3/2013,SAN,Gull,15,1.525
6/3/2013,SAN,SAND,10,1.525
6/3/2013,SAN,SNPL,94,1.525
6/3/2013,SHN,Gull,2,2.461538462
6/3/2013,SHN,SNPL,8,2.461538462
6/3/2013,SHS,Gull,12,2
6/3/2013,SHS,SNPL,4,2
6/3/2013,SHS,Gull,6,2
6/3/2013,SNO,Gull,1,1.8
6/3/2013,SNO,SAND,5,1.8
6/3/2013,SNO,SNPL,86,1.8
6/3/2013,SSO,SNPL,42,1.277777778
6/3/2013,WAL,Gull,30,2.923076923
6/3/2013,WAL,SAND,20,2.923076923
6/3/2013,WAL,SNPL,46,2.923076923
6/3/2013,WAL,Gull,20,2.923076923
6/10/2013,MIN,Gull,1,2.5
6/10/2013,PNO,SNPL,10,2
6/10/2013,SAN,Gull,12,1.523809524
6/10/2013,SAN,SNPL,64,1.523809524
6/10/2013,SHN,SNPL,10,2.769230769
6/10/2013,SHS,SNPL,5,2.3
6/10/2013,SNO,Gull,2,2.785714286
6/10/2013,SNO,SNPL,56,2.785714286
6/10/2013,SSO,Gull,6,2.111111111
6/10/2013,SSO,SNPL,37,2.111111111
6/10/2013,WAL,Gull,5,2.5
6/10/2013,WAL,SNPL,60,2.5
6/10/2013,WAL,Gull,3,2.5
6/17/2013,SNO,SNPL,4,4
6/17/2013,WAL,Gull,1,3.384615385
6/17/2013,WAL,Gull,28,3.384615385
6/17/2013,WAL,SNPL,44,3.384615385
6/17/2013,WAL,Gull,7,3.384615385
6/24/2013,PNO,SNPL,17,2.666666667
6/24/2013,PNO,Gull,8,2.666666667
6/24/2013,SAN,SNPL,98,2
6/24/2013,SAN,Gull,2,2
6/24/2013,SHN,SNPL,5,1.923076923
6/24/2013,SHS,SNPL,8,1.7
6/24/2013,SNO,Gull,1,2.533333333
6/24/2013,SNO,SNPL,61,2.533333333
6/24/2013,SSO,Gull,1,2
6/24/2013,SSO,SNPL,20,2
6/24/2013,WAL,Gull,1,2.923076923
6/24/2013,WAL,SNPL,49,2.923076923
7/1/2013,PNO,SNPL,7,3.333333333
7/1/2013,SAN,SNPL,104,1.857142857
7/1/2013,SHN,SNPL,7,2.230769231
7/1/2013,SHS,SNPL,10,2
7/1/2013,SSO,SNPL,25,1.944444444
7/8/2013,PNO,SNPL,8,2.666666667
7/8/2013,SAN,SNPL,78,1.55
7/8/2013,SHN,SNPL,9,1.615384615
7/8/2013,SHS,SNPL,3,1
7/8/2013,SNO,SNPL,95,2.8
7/8/2013,SSO,SNPL,43,2.472222222
7/8/2013,SSO,Gull,1,2.472222222
7/8/2013,WAL,SNPL,55,2.884615385
7/15/2013,MIN,Gull,1,1.5
7/15/2013,MIN,Gull,1,1.5
7/15/2013,PNO,Gull,1,2.666666667
7/15/2013,PNO,SAND,15,2.666666667
7/15/2013,PNO,SNPL,8,2.666666667
7/15/2013,PNO,Gull,25,2.666666667
7/15/2013,SAN,Gull,2,1.8
7/15/2013,SAN,Gull,1,1.8
7/15/2013,SAN,SAND,1,1.8
7/15/2013,SAN,SNPL,88,1.8
7/15/2013,SAN,Gull,1,1.8
7/15/2013,SHN,Gull,2,1.192307692
7/15/2013,SHN,Gull,1,1.192307692
7/15/2013,SHN,SNPL,8,1.192307692
7/15/2013,SHS,Gull,1,1.05
7/15/2013,SHS,SNPL,4,1.05
7/15/2013,SNO,SNPL,73,1.7
7/15/2013,SSO,SNPL,37,1.75
7/15/2013,WAL,SAND,21,2.115384615
7/15/2013,WAL,SNPL,23,2.115384615
7/22/2013,MIN,Gull,86,1
7/22/2013,MIN,Gull,20,1
7/22/2013,PNO,Gull,2,1.333333333
7/22/2013,PNO,SAND,11,1.333333333
7/22/2013,PNO,SNPL,9,1.333333333
7/22/2013,PNO,Gull,4,1.333333333
7/22/2013,SAN,SAND,35,1.65
7/22/2013,SAN,SNPL,98,1.65
7/22/2013,SAN,Gull,9,1.65
7/22/2013,SHN,Gull,3,2
7/22/2013,SHN,SAND,7,2
7/22/2013,SHN,SNPL,6,2
7/22/2013,SHN,Gull,1,2
7/22/2013,SHS,Gull,30,1.9
7/22/2013,SHS,SNPL,7,1.9
7/22/2013,SHS,Gull,20,1.9
7/22/2013,SNO,Gull,2,2.266666667
7/22/2013,SNO,SAND,142,2.266666667
7/22/2013,SNO,SNPL,45,2.266666667
7/22/2013,SNO,Gull,15,2.266666667
7/22/2013,SSO,Gull,4,1.888888889
7/22/2013,SSO,Gull,21,1.888888889
7/22/2013,SSO,SAND,33,1.888888889
7/22/2013,SSO,SNPL,46,1.888888889
7/22/2013,SSO,Gull,118,1.888888889
7/22/2013,WAL,SAND,20,2.5
7/22/2013,WAL,SNPL,105,2.5
7/29/2013,MIN,Gull,12,2.333333333
7/29/2013,MIN,Gull,303,2.333333333
7/29/2013,MIN,Gull,11,2.333333333
7/29/2013,PNO,SAND,1040,2
7/29/2013,PNO,SNPL,25,2
7/29/2013,PNO,Gull,71,2
7/29/2013,SAN,Gull,22,1.85
7/29/2013,SAN,Gull,60,1.85
7/29/2013,SAN,SAND,125,1.85
7/29/2013,SAN,SNPL,61,1.85
7/29/2013,SAN,Gull,80,1.85
7/29/2013,SHN,Gull,1,2.423076923
7/29/2013,SHN,SNPL,14,2.423076923
7/29/2013,SHS,Gull,1,1.7
7/29/2013,SHS,SNPL,5,1.7
7/29/2013,SSO,Gull,22,1.941176471
7/29/2013,SSO,SNPL,51,1.941176471
7/29/2013,SSO,Gull,37,1.941176471
7/29/2013,WAL,Gull,1,3.5
7/29/2013,WAL,Gull,7,3.5
7/29/2013,WAL,SAND,370,3.5
7/29/2013,WAL,SNPL,28,3.5
7/29/2013,WAL,Gull,10,3.5
8/5/2013,PNO,SAND,700,2.666666667
8/5/2013,PNO,SNPL,29,2.666666667
8/5/2013,PNO,Gull,32,2.666666667
8/5/2013,SAN,Gull,28,1.8
8/5/2013,SAN,Gull,175,1.8
8/5/2013,SAN,SAND,1110,1.8
8/5/2013,SAN,SNPL,65,1.8
8/5/2013,SAN,Gull,145,1.8
8/5/2013,SHN,Gull,50,2.153846154
8/5/2013,SHN,Gull,188,2.153846154
8/5/2013,SHN,SNPL,2,2.153846154
8/5/2013,SHN,Gull,15,2.153846154
8/5/2013,SHS,Gull,10,2
8/5/2013,SHS,Gull,4,2
8/5/2013,SHS,SAND,1,2
8/5/2013,SHS,SNPL,4,2
8/5/2013,SHS,Gull,1,2
8/5/2013,SNO,Gull,100,3.533333333
8/5/2013,SNO,SAND,45,3.533333333
8/5/2013,SNO,SNPL,93,3.533333333
8/5/2013,SNO,Gull,100,3.533333333
8/5/2013,SSO,Gull,32,2.666666667
8/5/2013,SSO,SNPL,62,2.666666667
8/5/2013,SSO,Gull,8,2.666666667
8/5/2013,WAL,Gull,1,3.461538462
8/5/2013,WAL,Gull,45,3.461538462
8/5/2013,WAL,SAND,532,3.461538462
8/5/2013,WAL,SNPL,38,3.461538462
8/5/2013,WAL,Gull,20,3.461538462
8/12/2013,MIN,Gull,95,1
8/12/2013,MIN,Gull,1,1
8/12/2013,PNO,Gull,22,3
8/12/2013,PNO,SAND,375,3
8/12/2013,PNO,SNPL,12,3
8/12/2013,PNO,Gull,55,3
8/12/2013,SAN,Gull,8,2.325
8/12/2013,SAN,SAND,375,2.325
8/12/2013,SAN,SNPL,43,2.325
8/12/2013,SAN,Gull,14,2.325
8/12/2013,SHN,Gull,16,1.538461538
8/12/2013,SHN,Gull,405,1.538461538
8/12/2013,SHN,SNPL,28,1.538461538
8/12/2013,SHN,Gull,35,1.538461538
8/12/2013,SHS,Gull,1,1.7
8/12/2013,SHS,Gull,1,1.7
8/12/2013,SHS,SNPL,3,1.7
8/12/2013,SHS,Gull,5,1.7
8/12/2013,SNO,Gull,2,1.9
8/12/2013,SNO,SAND,5,1.9
8/12/2013,SNO,SNPL,79,1.9
8/12/2013,SSO,Gull,6,1.194444444
8/12/2013,SSO,Gull,55,1.194444444
8/12/2013,SSO,SNPL,81,1.194444444
8/12/2013,SSO,Gull,40,1.194444444
8/12/2013,WAL,Gull,85,2.384615385
8/12/2013,WAL,SAND,488,2.384615385
8/12/2013,WAL,SNPL,85,2.384615385
8/12/2013,WAL,Gull,315,2.384615385
8/19/2013,MIN,Gull,4,2.5
8/19/2013,MIN,Gull,172,2.5
8/19/2013,PNO,SAND,10,2
8/19/2013,PNO,SNPL,19,2
8/19/2013,SAN,Gull,2,1.80952381
8/19/2013,SAN,SAND,4,1.80952381
8/19/2013,SAN,SNPL,75,1.80952381
8/19/2013,SAN,Gull,10,1.80952381
8/19/2013,SHN,Gull,1,1.846153846
8/19/2013,SHN,Gull,273,1.846153846
8/19/2013,SHN,SAND,3,1.846153846
8/19/2013,SHN,SNPL,1,1.846153846
8/19/2013,SHN,Gull,45,1.846153846
8/19/2013,SHS,Gull,4,1.9
8/19/2013,SHS,Gull,126,1.9
8/19/2013,SHS,SAND,4,1.9
8/19/2013,SHS,SNPL,13,1.9
8/19/2013,SHS,Gull,47,1.9
8/19/2013,SNO,Gull,3,2.6875
8/19/2013,SNO,Gull,20,2.6875
8/19/2013,SNO,SAND,55,2.6875
8/19/2013,SNO,SNPL,152,2.6875
8/19/2013,SNO,Gull,72,2.6875
8/19/2013,SSO,Gull,1,1.628571429
8/19/2013,SSO,SNPL,70,1.628571429
8/19/2013,WAL,Gull,5,2.884615385
8/19/2013,WAL,Gull,45,2.884615385
8/19/2013,WAL,SAND,1,2.884615385
8/19/2013,WAL,SNPL,16,2.884615385
8/19/2013,WAL,Gull,660,2.884615385
8/26/2013,MIN,Gull,86,2.5
8/26/2013,MIN,Gull,182,2.5
8/26/2013,PNO,Gull,2,2.333333333
8/26/2013,PNO,SAND,4100,2.333333333
8/26/2013,PNO,SNPL,14,2.333333333
8/26/2013,PNO,Gull,61,2.333333333
8/26/2013,SAN,Gull,17,1.5
8/26/2013,SAN,Gull,183,1.5
8/26/2013,SAN,SAND,555,1.5
8/26/2013,SAN,SNPL,140,1.5
8/26/2013,SAN,Gull,47,1.5
8/26/2013,SHN,Gull,2,1.846153846
8/26/2013,SHN,SNPL,3,1.846153846
8/26/2013,SHN,Gull,2,1.846153846
8/26/2013,SHS,Gull,1,1.9
8/26/2013,SHS,Gull,4,1.9
8/26/2013,SHS,SNPL,1,1.9
8/26/2013,SHS,Gull,1,1.9
8/26/2013,SNO,Gull,10,2.033333333
8/26/2013,SNO,Gull,15,2.033333333
8/26/2013,SNO,SAND,261,2.033333333
8/26/2013,SNO,SNPL,139,2.033333333
8/26/2013,SNO,Gull,25,2.033333333
8/26/2013,SSO,SNPL,113,2.058139535
8/26/2013,WAL,Gull,10,2.769230769
8/26/2013,WAL,Gull,5,2.769230769
8/26/2013,WAL,SAND,4,2.769230769
8/26/2013,WAL,SNPL,20,2.769230769
8/26/2013,WAL,Gull,322,2.769230769
9/2/2013,MIN,Gull,10,3.166666667
9/2/2013,MIN,Gull,297,3.166666667
9/2/2013,MIN,Gull,61,3.166666667
9/2/2013,PNO,Gull,67,2.333333333
9/2/2013,PNO,SAND,8,2.333333333
9/2/2013,PNO,SNPL,9,2.333333333
9/2/2013,PNO,Gull,163,2.333333333
9/2/2013,SAN,Gull,5,2.325
9/2/2013,SAN,Gull,20,2.325
9/2/2013,SAN,SAND,15,2.325
9/2/2013,SAN,SNPL,78,2.325
9/2/2013,SAN,Gull,31,2.325
9/2/2013,SHN,Gull,12,3.038461538
9/2/2013,SHN,Gull,238,3.038461538
9/2/2013,SHN,SNPL,1,3.038461538
9/2/2013,SHN,Gull,76,3.038461538
9/2/2013,SHS,Gull,70,3.2
9/2/2013,SHS,Gull,10,3.2
9/2/2013,SNO,Gull,1,3.666666667
9/2/2013,SNO,Gull,4,3.666666667
9/2/2013,SNO,SAND,28,3.666666667
9/2/2013,SNO,SNPL,205,3.666666667
9/2/2013,SNO,Gull,72,3.666666667
9/2/2013,SSO,SNPL,50,2.111111111
9/2/2013,WAL,Gull,1,4.807692308
9/2/2013,WAL,SAND,6,4.807692308
9/2/2013,WAL,SNPL,31,4.807692308
9/2/2013,WAL,Gull,68,4.807692308
9/9/2013,MIN,Gull,5,1.916666667
9/9/2013,MIN,Gull,275,1.916666667
9/9/2013,MIN,Gull,10,1.916666667
9/9/2013,PNO,Gull,10,1.333333333
9/9/2013,PNO,SAND,400,1.333333333
9/9/2013,PNO,SNPL,11,1.333333333
9/9/2013,PNO,Gull,16,1.333333333
9/9/2013,SAN,Gull,69,1.675
9/9/2013,SAN,SAND,6,1.675
9/9/2013,SAN,SNPL,106,1.675
9/9/2013,SAN,Gull,35,1.675
9/9/2013,SHN,Gull,17,1.923076923
9/9/2013,SHN,Gull,308,1.923076923
9/9/2013,SHN,SAND,4,1.923076923
9/9/2013,SHN,SNPL,10,1.923076923
9/9/2013,SHN,Gull,6,1.923076923
9/9/2013,SHS,Gull,7,2.4
9/9/2013,SHS,Gull,40,2.4
9/9/2013,SHS,SNPL,15,2.4
9/9/2013,SHS,Gull,24,2.4
9/9/2013,SNO,Gull,81,2.333333333
9/9/2013,SNO,SAND,100,2.333333333
9/9/2013,SNO,SNPL,145,2.333333333
9/9/2013,SNO,Gull,221,2.333333333
9/9/2013,WAL,Gull,3,1.538461538
9/9/2013,WAL,SNPL,13,1.538461538
9/16/2013,PNO,Gull,30,3
9/16/2013,PNO,SAND,1300,3
9/16/2013,PNO,SNPL,10,3
9/16/2013,PNO,Gull,20,3
9/16/2013,SAN,Gull,18,2.166666667
9/16/2013,SAN,Gull,60,2.166666667
9/16/2013,SAN,SAND,6,2.166666667
9/16/2013,SAN,SNPL,92,2.166666667
9/16/2013,SAN,Gull,77,2.166666667
9/16/2013,SHN,Gull,70,1.076923077
9/16/2013,SHN,Gull,2,1.076923077
9/16/2013,SHS,SNPL,2,1
9/16/2013,SNO,Gull,15,3.5
9/16/2013,SNO,Gull,15,3.5
9/16/2013,SNO,SAND,220,3.5
9/16/2013,SNO,SNPL,115,3.5
9/16/2013,SNO,Gull,50,3.5
9/16/2013,SSO,SNPL,1,2.25
9/16/2013,WAL,Gull,10,5
9/16/2013,WAL,Gull,37,5
9/16/2013,WAL,Gull,25,5
9/23/2013,MIN,Gull,20,2.5
9/23/2013,PNO,SAND,2,3.333333333
9/23/2013,PNO,Gull,5,3.333333333
9/23/2013,SAN,Gull,30,2.428571429
9/23/2013,SAN,Gull,100,2.428571429
9/23/2013,SAN,SAND,10,2.428571429
9/23/2013,SAN,SNPL,64,2.428571429
9/23/2013,SAN,Gull,3,2.428571429
9/23/2013,SHN,Gull,150,1.384615385
9/23/2013,SHN,SNPL,1,1.384615385
9/23/2013,SHN,Gull,2,1.384615385
9/23/2013,SHS,SNPL,10,1.2
9/23/2013,SNO,Gull,3,3
9/23/2013,SNO,SAND,230,3
9/23/2013,SNO,SNPL,69,3
9/23/2013,SNO,Gull,69,3
9/23/2013,SSO,SNPL,21,2
9/23/2013,WAL,Gull,20,2.384615385
9/23/2013,WAL,Gull,63,2.384615385
9/23/2013,WAL,SAND,6,2.384615385
9/23/2013,WAL,SNPL,32,2.384615385
9/23/2013,WAL,Gull,72,2.384615385
9/30/2013,SSO,Gull,1,2.666666667
9/30/2013,SSO,SAND,310,2.666666667
9/30/2013,SSO,SNPL,45,2.666666667
9/30/2013,SSO,Gull,2,2.666666667
10/21/2013,MIN,Gull,100,2.833333333
10/21/2013,PNO,SAND,3,3.5
10/21/2013,SAN,Gull,3,1.95
10/21/2013,SAN,SAND,1000,1.95
10/21/2013,SAN,SNPL,14,1.95
10/21/2013,SAN,Gull,302,1.95
10/21/2013,SHN,SNPL,51,1.461538462
10/21/2013,SHS,SNPL,25,1.2
10/21/2013,SHS,Gull,1,1.2
10/21/2013,SNO,SAND,750,3.5
10/21/2013,SNO,SNPL,106,3.5
10/21/2013,SSO,Gull,13,2.5
10/21/2013,SSO,SAND,350,2.5
10/21/2013,SSO,SNPL,36,2.5
10/21/2013,SSO,Gull,12,2.5
10/21/2013,WAL,Gull,20,4.538461538
10/21/2013,WAL,Gull,60,4.538461538
10/21/2013,WAL,Gull,120,4.538461538
11/11/2013,MIN,Gull,65,2.416666667
11/11/2013,MIN,Gull,7,2.416666667
11/11/2013,SAN,Gull,2,1.4
11/11/2013,SAN,Gull,50,1.4
11/11/2013,SHN,Gull,75,2.423076923
11/11/2013,SHN,Gull,274,2.423076923
11/11/2013,SHN,Gull,94,2.423076923
11/11/2013,SHS,Gull,30,1
11/11/2013,SHS,Gull,2,1
11/11/2013,SNO,Gull,6,1.933333333
11/11/2013,SNO,SAND,665,1.933333333
11/11/2013,SNO,SNPL,375,1.933333333
11/11/2013,SNO,Gull,4,1.933333333
11/11/2013,SSO,SAND,60,0.194444444
11/11/2013,SSO,SNPL,56,0.194444444
11/11/2013,WAL,SAND,100,2.615384615
11/11/2013,WAL,SNPL,42,2.615384615
12/9/2013,MIN,Gull,15,2
12/9/2013,MIN,Gull,311,2
12/9/2013,MIN,Gull,10,2
12/9/2013,SAN,SNPL,36,1.825
12/9/2013,SAN,Gull,3,1.825
12/9/2013,SHN,Gull,78,2
12/9/2013,SHN,Gull,294,2
12/9/2013,SHN,SNPL,55,2
12/9/2013,SHN,Gull,98,2
12/9/2013,SHS,Gull,18,1.85
12/9/2013,SHS,Gull,13,1.85
12/9/2013,SHS,SNPL,4,1.85
12/9/2013,SHS,Gull,14,1.85
12/9/2013,SNO,SAND,176,0.466666667
12/9/2013,SNO,SNPL,66,0.466666667
12/9/2013,SNO,Gull,4,0.466666667
12/9/2013,SSO,Gull,1,0.833333333
12/9/2013,SSO,SAND,80,0.833333333
12/9/2013,SSO,SNPL,85,0.833333333
12/9/2013,SSO,Gull,1,0.833333333
12/9/2013,WAL,Gull,150,1.153846154
12/9/2013,WAL,Gull,6,1.153846154
12/9/2013,WAL,SAND,28,1.153846154
12/9/2013,WAL,SNPL,54,1.153846154
12/9/2013,WAL,Gull,4,1.153846154
1/20/2014,MIN,Gull,85,2.166666667
1/20/2014,MIN,Gull,22,2.166666667
1/20/2014,MIN,Gull,56,2.166666667
1/20/2014,SAN,Gull,1,1.3
1/20/2014,SAN,SAND,80,1.3
1/20/2014,SAN,SNPL,110,1.3
1/20/2014,SAN,Gull,1,1.3
1/20/2014,SHN,Gull,151,2.230769231
1/20/2014,SHN,SNPL,34,2.230769231
1/20/2014,SHN,Gull,8,2.230769231
1/20/2014,SNO,SNPL,76,1
1/20/2014,SSO,SAND,304,1.638888889
1/20/2014,SSO,SNPL,98,1.638888889
1/20/2014,SSO,Gull,1,1.638888889
1/20/2014,WAL,SAND,14,1.769230769
2/10/2014,MIN,Gull,23,2.166666667
2/10/2014,MIN,Gull,1,2.166666667
2/10/2014,MIN,Gull,1,2.166666667
2/10/2014,PNO,SAND,1200,2
2/10/2014,PNO,SNPL,29,2
2/10/2014,PNO,Gull,5,2
2/10/2014,SAN,SAND,1,1.775
2/10/2014,SAN,SNPL,103,1.775
2/10/2014,SAN,Gull,8,1.775
2/10/2014,SHN,Gull,1,1.576923077
2/10/2014,SHN,SAND,1,1.576923077
2/10/2014,SHN,SNPL,8,1.576923077
2/10/2014,SHN,Gull,1,1.576923077
2/10/2014,SNO,Gull,12,2.4
2/10/2014,SNO,SAND,630,2.4
2/10/2014,SNO,SNPL,102,2.4
2/10/2014,SNO,Gull,12,2.4
2/10/2014,SSO,SAND,212,2.083333333
2/10/2014,SSO,SNPL,108,2.083333333
3/3/2014,MIN,SNPL,2,1.5
3/3/2014,MIN,Gull,2,1.5
3/3/2014,PNO,Gull,2,1
3/3/2014,PNO,SNPL,14,1
3/3/2014,PNO,Gull,1,1
3/3/2014,SAN,Gull,1,1.275
3/3/2014,SAN,SAND,1,1.275
3/3/2014,SAN,SNPL,34,1.275
3/3/2014,SAN,Gull,4,1.275
3/3/2014,SHN,SAND,123,3.230769231
3/3/2014,SHN,SNPL,8,3.230769231
3/3/2014,SHN,Gull,13,3.230769231
3/3/2014,SHS,SNPL,4,3.65
3/3/2014,SNO,SAND,60,1.8
3/3/2014,SNO,SNPL,94,1.8
3/3/2014,SSO,SNPL,32,2.027777778
3/3/2014,SSO,Gull,2,2.027777778
3/3/2014,WAL,Gull,150,2
3/3/2014,WAL,SAND,140,2
3/3/2014,WAL,Gull,50,2
3/10/2014,MIN,SNPL,3,1.166666667
3/10/2014,PNO,SAND,70,2.166666667
3/10/2014,PNO,SNPL,7,2.166666667
3/10/2014,SAN,SAND,20,1.684210526
3/10/2014,SAN,SNPL,46,1.684210526
3/10/2014,SHN,SNPL,34,1.576923077
3/10/2014,SHS,SNPL,4,1.2
3/10/2014,SNO,SAND,1,1.333333333
3/10/2014,SNO,SNPL,107,1.333333333
3/10/2014,SSO,Gull,2,2.25
3/10/2014,SSO,SNPL,36,2.25
3/10/2014,SSO,Gull,2,2.25
3/10/2014,WAL,SNPL,1,2.038461538
3/10/2014,WAL,Gull,102,2.038461538
3/17/2014,MIN,SNPL,1,0.916666667
3/17/2014,PNO,SNPL,12,2
3/17/2014,SAN,SNPL,32,1.2
3/17/2014,SHN,SNPL,16,1.384615385
3/17/2014,SHS,SNPL,7,1.1
3/17/2014,SNO,Gull,19,1.066666667
3/17/2014,SNO,SAND,126,1.066666667
3/17/2014,SNO,SNPL,89,1.066666667
3/17/2014,SNO,Gull,17,1.066666667
3/17/2014,SSO,Gull,6,1.027777778
3/17/2014,SSO,SAND,150,1.027777778
3/17/2014,SSO,SNPL,47,1.027777778
3/17/2014,SSO,Gull,2,1.027777778
3/17/2014,WAL,Gull,300,0.884615385
3/17/2014,WAL,SAND,316,0.884615385
3/17/2014,WAL,SNPL,6,0.884615385
3/17/2014,WAL,Gull,50,0.884615385
3/24/2014,MIN,SNPL,2,1.666666667
3/24/2014,PNO,SAND,500,2.333333333
3/24/2014,PNO,SNPL,9,2.333333333
3/24/2014,SAN,Gull,1,1.625
3/24/2014,SAN,SAND,59,1.625
3/24/2014,SAN,SNPL,42,1.625
3/24/2014,SAN,Gull,1,1.625
3/24/2014,SHN,SNPL,9,1.923076923
3/24/2014,SHS,SNPL,2,1.25
3/24/2014,SNO,SAND,1,1.166666667
3/24/2014,SNO,SNPL,67,1.166666667
3/24/2014,SSO,SNPL,17,1.416666667
3/24/2014,WAL,Gull,35,1.692307692
3/24/2014,WAL,SAND,6,1.692307692
3/24/2014,WAL,SNPL,7,1.692307692
3/24/2014,WAL,Gull,45,1.692307692
3/31/2014,MIN,SNPL,3,1
3/31/2014,PNO,SNPL,15,1.666666667
3/31/2014,SAN,SNPL,39,1.475
3/31/2014,SHN,SNPL,7,0.961538462
3/31/2014,SHS,SAND,90,0.8
3/31/2014,SHS,SNPL,6,0.8
3/31/2014,SNO,SNPL,94,1.3
3/31/2014,SSO,SNPL,27,0.694444444
3/31/2014,WAL,Gull,10,1.153846154
3/31/2014,WAL,SNPL,5,1.153846154
3/31/2014,WAL,Gull,25,1.153846154
4/7/2014,MIN,SNPL,1,0.916666667
4/7/2014,PNO,SAND,4,1.833333333
4/7/2014,PNO,SNPL,2,1.833333333
4/7/2014,SAN,SAND,301,1.075
4/7/2014,SAN,SNPL,29,1.075
4/7/2014,SHN,SNPL,6,1.153846154
4/7/2014,SHS,SAND,1000,0.8
4/7/2014,SHS,SNPL,9,0.8
4/7/2014,SNO,SAND,310,1.066666667
4/7/2014,SNO,SNPL,61,1.066666667
4/7/2014,SSO,SAND,660,1.083333333
4/7/2014,SSO,SNPL,36,1.083333333
4/7/2014,WAL,Gull,5,1.769230769
4/7/2014,WAL,SAND,348,1.769230769
4/7/2014,WAL,SNPL,24,1.769230769
4/7/2014,WAL,Gull,5,1.769230769
4/14/2014,MIN,SAND,1,2
4/14/2014,MIN,SNPL,2,2
4/14/2014,PNO,SNPL,13,2.333333333
4/14/2014,PNO,Gull,1,2.333333333
4/14/2014,SAN,SAND,100,1.225
4/14/2014,SAN,SNPL,61,1.225
4/14/2014,SAN,Gull,1,1.225
4/14/2014,SHN,SNPL,12,2.346153846
4/14/2014,SHS,SNPL,6,2.05
4/14/2014,SNO,SAND,1730,2.633333333
4/14/2014,SNO,SNPL,51,2.633333333
4/14/2014,SNO,Gull,1,2.633333333
4/14/2014,SSO,SNPL,23,1.277777778
4/14/2014,WAL,SAND,350,3.5
4/14/2014,WAL,SNPL,24,3.5
4/14/2014,WAL,Gull,30,3.5
4/21/2014,MIN,SNPL,3,1
4/21/2014,PNO,SNPL,9,1.666666667
4/21/2014,SAN,SAND,50,2
4/21/2014,SAN,SNPL,1,2
4/21/2014,SNO,SAND,300,2.6
4/21/2014,SNO,SNPL,35,2.6
4/21/2014,SNO,Gull,1,2.6
4/21/2014,SSO,SAND,1925,2.555555556
4/21/2014,SSO,SNPL,25,2.555555556
4/21/2014,SSO,Gull,4,2.555555556
4/21/2014,WAL,SAND,1114,2
4/21/2014,WAL,SNPL,28,2
4/21/2014,WAL,Gull,1,2
5/5/2014,WAL,Gull,55,2.923076923
5/5/2014,WAL,SAND,845,2.923076923
5/5/2014,WAL,SNPL,32,2.923076923
5/5/2014,WAL,Gull,10,2.923076923
5/12/2014,MIN,Gull,10,1.833333333
5/12/2014,MIN,SNPL,1,1.833333333
5/12/2014,MIN,Gull,8,1.833333333
5/12/2014,PNO,Gull,1,1.666666667
5/12/2014,PNO,SAND,1000,1.666666667
5/12/2014,PNO,SNPL,6,1.666666667
5/12/2014,SAN,Gull,1,1.45
5/12/2014,SAN,SAND,45,1.45
5/12/2014,SAN,SNPL,68,1.45
5/12/2014,SHN,Gull,5,1.846153846
5/12/2014,SHN,SNPL,4,1.846153846
5/12/2014,SHS,Gull,1,1.8
5/12/2014,SHS,SNPL,5,1.8
5/12/2014,SNO,SNPL,69,1.266666667
5/12/2014,SSO,SNPL,24,2
5/12/2014,SSO,Gull,1,2
5/12/2014,WAL,Gull,51,2.5
5/12/2014,WAL,SNPL,25,2.5
5/12/2014,WAL,Gull,34,2.5
5/19/2014,MIN,Gull,21,1
5/19/2014,MIN,SNPL,3,1
5/19/2014,PNO,SAND,50,1.333333333
5/19/2014,PNO,SNPL,9,1.333333333
5/19/2014,SAN,Gull,44,1.35
5/19/2014,SAN,SAND,1,1.35
5/19/2014,SAN,SNPL,51,1.35
5/19/2014,SAN,Gull,24,1.35
5/19/2014,SHN,Gull,86,1
5/19/2014,SHN,Gull,10,1
5/19/2014,SHN,SNPL,5,1
5/19/2014,SHS,Gull,100,0.85
5/19/2014,SHS,Gull,33,0.85
5/19/2014,SHS,SNPL,2,0.85
5/19/2014,SNO,SAND,450,1
5/19/2014,SNO,SNPL,60,1
5/19/2014,SSO,SNPL,24,2.388888889
5/19/2014,WAL,Gull,39,1.269230769
5/19/2014,WAL,SAND,970,1.269230769
5/19/2014,WAL,SNPL,42,1.269230769
5/19/2014,WAL,Gull,51,1.269230769
5/26/2014,MIN,Gull,11,1.5
5/26/2014,MIN,SNPL,2,1.5
5/26/2014,MIN,Gull,3,1.5
5/26/2014,PNO,Gull,13,2
5/26/2014,PNO,SAND,10,2
5/26/2014,PNO,SNPL,7,2
5/26/2014,PNO,Gull,4,2
5/26/2014,SAN,Gull,134,1.5
5/26/2014,SAN,Gull,3,1.5
5/26/2014,SAN,SNPL,58,1.5
5/26/2014,SAN,Gull,6,1.5
5/26/2014,SHN,Gull,163,1.846153846
5/26/2014,SHN,Gull,128,1.846153846
5/26/2014,SHN,SNPL,7,1.846153846
5/26/2014,SHN,Gull,7,1.846153846
5/26/2014,SHS,Gull,38,1.7
5/26/2014,SHS,Gull,13,1.7
5/26/2014,SHS,SNPL,4,1.7
5/26/2014,SHS,Gull,7,1.7
5/26/2014,SNO,Gull,1,2
5/26/2014,SNO,Gull,1,2
5/26/2014,SNO,SNPL,77,2
5/26/2014,SNO,Gull,6,2
5/26/2014,SSO,SNPL,22,2.555555556
5/26/2014,SSO,Gull,5,2.555555556
5/26/2014,WAL,Gull,90,1
5/26/2014,WAL,SNPL,36,1
5/26/2014,WAL,Gull,10,1
6/2/2014,MIN,Gull,90,1.666666667
6/2/2014,MIN,Gull,46,1.666666667
6/2/2014,MIN,Gull,2,1.666666667
6/2/2014,PNO,SNPL,7,3
6/2/2014,SAN,Gull,95,1.45
6/2/2014,SAN,Gull,185,1.45
6/2/2014,SAN,SNPL,55,1.45
6/2/2014,SAN,Gull,16,1.45
6/2/2014,SHN,Gull,91,1.538461538
6/2/2014,SHN,Gull,50,1.538461538
6/2/2014,SHN,SNPL,10,1.538461538
6/2/2014,SHS,Gull,114,1.6
6/2/2014,SHS,Gull,30,1.6
6/2/2014,SHS,SNPL,2,1.6
6/2/2014,SHS,Gull,1,1.6
6/2/2014,SNO,Gull,6,2.2
6/2/2014,SNO,SNPL,71,2.2
6/2/2014,SSO,Gull,82,2.5
6/2/2014,SSO,Gull,2,2.5
6/2/2014,SSO,SNPL,31,2.5
6/2/2014,WAL,Gull,52,1.384615385
6/2/2014,WAL,SNPL,33,1.384615385
6/2/2014,WAL,Gull,50,1.384615385
6/9/2014,MIN,Gull,88,1.166666667
6/9/2014,MIN,Gull,130,1.166666667
6/9/2014,MIN,SNPL,1,1.166666667
6/9/2014,MIN,Gull,10,1.166666667
6/9/2014,PNO,Gull,10,2
6/9/2014,PNO,SNPL,9,2
6/9/2014,SAN,Gull,38,1.65
6/9/2014,SAN,Gull,1,1.65
6/9/2014,SAN,SNPL,54,1.65
6/9/2014,SAN,Gull,21,1.65
6/9/2014,SHN,Gull,11,1.076923077
6/9/2014,SHN,Gull,15,1.076923077
6/9/2014,SHN,SNPL,4,1.076923077
6/9/2014,SHS,Gull,38,1.1
6/9/2014,SHS,Gull,20,1.1
6/9/2014,SHS,SNPL,11,1.1
6/9/2014,SHS,Gull,5,1.1
6/9/2014,SNO,Gull,6,2.066666667
6/9/2014,SNO,SNPL,86,2.066666667
6/9/2014,SNO,Gull,1,2.066666667
6/9/2014,SSO,Gull,8,1.111111111
6/9/2014,SSO,SNPL,13,1.111111111
6/9/2014,WAL,Gull,53,2.923076923
6/9/2014,WAL,Gull,50,2.923076923
6/9/2014,WAL,SNPL,32,2.923076923
6/16/2014,MIN,Gull,7,1.5
6/16/2014,MIN,Gull,55,1.5
6/16/2014,MIN,SNPL,1,1.5
6/16/2014,PNO,Gull,1,1.666666667
6/16/2014,PNO,Gull,7,1.666666667
6/16/2014,PNO,SNPL,9,1.666666667
6/16/2014,PNO,Gull,2,1.666666667
6/16/2014,SAN,Gull,68,1.35
6/16/2014,SAN,Gull,252,1.35
6/16/2014,SAN,SNPL,63,1.35
6/16/2014,SAN,Gull,8,1.35
6/16/2014,SHN,Gull,15,1.923076923
6/16/2014,SHN,Gull,91,1.923076923
6/16/2014,SHN,SNPL,6,1.923076923
6/16/2014,SHS,Gull,40,1.3
6/16/2014,SHS,Gull,289,1.3
6/16/2014,SHS,SNPL,16,1.3
6/16/2014,SHS,Gull,13,1.3
6/16/2014,SNO,Gull,3,1.533333333
6/16/2014,SNO,Gull,150,1.533333333
6/16/2014,SNO,SNPL,88,1.533333333
6/16/2014,SSO,Gull,4,2.277777778
6/16/2014,SSO,SNPL,30,2.277777778
6/16/2014,WAL,SNPL,25,3
6/23/2014,MIN,Gull,3,1.5
6/23/2014,MIN,Gull,49,1.5
6/23/2014,MIN,SNPL,1,1.5
6/23/2014,PNO,Gull,1,2.5
6/23/2014,PNO,SNPL,11,2.5
6/23/2014,SAN,Gull,12,0.944444444
6/23/2014,SAN,Gull,125,0.944444444
6/23/2014,SAN,SNPL,19,0.944444444
6/23/2014,SHN,Gull,4,2
6/23/2014,SHN,Gull,225,2
6/23/2014,SHN,SNPL,6,2
6/23/2014,SHS,Gull,12,1.4
6/23/2014,SHS,Gull,392,1.4
6/23/2014,SHS,SNPL,7,1.4
6/23/2014,SHS,Gull,5,1.4
6/23/2014,SNO,Gull,13,2.7
6/23/2014,SNO,Gull,2,2.7
6/23/2014,SNO,SNPL,79,2.7
6/23/2014,SSO,Gull,5,2.444444444
6/23/2014,SSO,SNPL,39,2.444444444
6/23/2014,WAL,Gull,30,3.375
6/23/2014,WAL,Gull,60,3.375
6/23/2014,WAL,SNPL,20,3.375
6/23/2014,WAL,Gull,30,3.375
7/7/2014,PNO,SAND,1,2.333333333
7/7/2014,PNO,SNPL,20,2.333333333
7/7/2014,SAN,Gull,12,1.15
7/7/2014,SAN,Gull,5,1.15
7/7/2014,SAN,SNPL,36,1.15
7/7/2014,SAN,Gull,20,1.15
7/7/2014,SHN,SNPL,1,1.923076923
7/7/2014,SHS,Gull,7,1.4
7/7/2014,SHS,SNPL,3,1.4
7/7/2014,SNO,SNPL,100,1.2
7/7/2014,SSO,Gull,2,2.055555556
7/7/2014,SSO,SNPL,41,2.055555556
7/7/2014,WAL,SNPL,52,3.384615385
7/14/2014,PNO,Gull,1,1.666666667
7/14/2014,PNO,SAND,1,1.666666667
7/14/2014,PNO,SNPL,20,1.666666667
7/14/2014,SAN,Gull,50,1.05
7/14/2014,SAN,SNPL,39,1.05
7/14/2014,SAN,Gull,153,1.05
7/14/2014,SNO,SNPL,20,1.2
7/14/2014,WAL,SNPL,38,1.384615385
7/21/2014,SNO,SNPL,82,1.666666667
7/21/2014,SSO,Gull,1,1.388888889
7/21/2014,SSO,SNPL,49,1.388888889
8/4/2014,MIN,Gull,1,2.666666667
8/4/2014,MIN,Gull,80,2.666666667
8/4/2014,PNO,SAND,1000,1.666666667
8/4/2014,PNO,SNPL,12,1.666666667
8/4/2014,PNO,Gull,2,1.666666667
8/4/2014,SAN,Gull,29,1.15
8/4/2014,SAN,Gull,24,1.15
8/4/2014,SAN,SAND,130,1.15
8/4/2014,SAN,SNPL,50,1.15
8/4/2014,SAN,Gull,36,1.15
8/4/2014,SHN,Gull,7,1.846153846
8/4/2014,SHN,Gull,95,1.846153846
8/4/2014,SHN,Gull,10,1.846153846
8/4/2014,SHS,Gull,7,1.8
8/4/2014,SHS,Gull,9,1.8
8/4/2014,SHS,SAND,164,1.8
8/4/2014,SNO,Gull,1,1.916666667
8/4/2014,SNO,SNPL,75,1.916666667
8/4/2014,SNO,Gull,1,1.916666667
8/4/2014,SSO,SNPL,81,1.777777778
8/4/2014,SSO,Gull,1,1.777777778
8/4/2014,WAL,SAND,237,3.384615385
8/4/2014,WAL,SNPL,44,3.384615385
8/18/2014,MIN,Gull,9,2
8/18/2014,MIN,Gull,88,2
8/18/2014,MIN,Gull,2,2
8/18/2014,PNO,SAND,1148,1.333333333
8/18/2014,PNO,SNPL,17,1.333333333
8/18/2014,SAN,Gull,12,1.45
8/18/2014,SAN,Gull,211,1.45
8/18/2014,SAN,SAND,606,1.45
8/18/2014,SAN,SNPL,35,1.45
8/18/2014,SAN,Gull,41,1.45
8/18/2014,SHN,Gull,46,1.923076923
8/18/2014,SHN,Gull,179,1.923076923
8/18/2014,SHN,SNPL,2,1.923076923
8/18/2014,SHN,Gull,14,1.923076923
8/18/2014,SHS,Gull,12,1.1
8/18/2014,SHS,Gull,58,1.1
8/18/2014,SHS,Gull,2,1.1
8/18/2014,SNO,Gull,4,1.466666667
8/18/2014,SNO,SAND,1,1.466666667
8/18/2014,SNO,SNPL,83,1.466666667
8/18/2014,SSO,SNPL,67,2
8/18/2014,SSO,Gull,2,2
8/18/2014,WAL,SAND,2,2.692307692
8/18/2014,WAL,SNPL,26,2.692307692
8/18/2014,WAL,Gull,1,2.692307692
9/1/2014,MIN,Gull,2,2
9/1/2014,MIN,Gull,50,2
9/1/2014,MIN,SNPL,3,2
9/1/2014,MIN,Gull,6,2
9/1/2014,PNO,Gull,4,1.666666667
9/1/2014,PNO,Gull,4,1.666666667
9/1/2014,PNO,Gull,1,1.666666667
9/1/2014,SAN,Gull,201,1.75
9/1/2014,SAN,Gull,52,1.75
9/1/2014,SAN,SAND,38,1.75
9/1/2014,SAN,SNPL,56,1.75
9/1/2014,SAN,Gull,8,1.75
9/1/2014,SHN,Gull,14,1.346153846
9/1/2014,SHN,Gull,208,1.346153846
9/1/2014,SHN,SAND,106,1.346153846
9/1/2014,SHN,SNPL,12,1.346153846
9/1/2014,SHN,Gull,4,1.346153846
9/1/2014,SHS,Gull,4,1.05
9/1/2014,SHS,Gull,88,1.05
9/1/2014,SHS,SAND,124,1.05
9/1/2014,SHS,SNPL,7,1.05
9/1/2014,SNO,SAND,508,2.2
9/1/2014,SNO,SNPL,187,2.2
9/1/2014,SNO,Gull,37,2.2
9/1/2014,SSO,Gull,3,2.166666667
9/1/2014,SSO,SAND,5,2.166666667
9/1/2014,SSO,SNPL,50,2.166666667
9/1/2014,SSO,Gull,2,2.166666667
9/1/2014,WAL,SAND,1091,3.038461538
9/1/2014,WAL,SNPL,89,3.038461538
9/1/2014,WAL,Gull,8,3.038461538
9/15/2014,MIN,Gull,4,1.166666667
9/15/2014,MIN,Gull,51,1.166666667
9/15/2014,MIN,SAND,154,1.166666667
9/15/2014,MIN,SNPL,7,1.166666667
9/15/2014,MIN,Gull,10,1.166666667
9/15/2014,PNO,SAND,36,2
9/15/2014,PNO,Gull,3,2
9/15/2014,SAN,Gull,81,1.5
9/15/2014,SAN,Gull,512,1.5
9/15/2014,SAN,SAND,29,1.5
9/15/2014,SAN,SNPL,48,1.5
9/15/2014,SAN,Gull,10,1.5
9/15/2014,SHN,Gull,6,1.230769231
9/15/2014,SHN,Gull,204,1.230769231
9/15/2014,SHN,SAND,185,1.230769231
9/15/2014,SHN,SNPL,25,1.230769231
9/15/2014,SHN,Gull,4,1.230769231
9/15/2014,SHS,Gull,13,0.9
9/15/2014,SHS,Gull,23,0.9
9/15/2014,SHS,SAND,10,0.9
9/15/2014,SHS,Gull,1,0.9
9/15/2014,SNO,Gull,1,1.466666667
9/15/2014,SNO,SAND,287,1.466666667
9/15/2014,SNO,SNPL,179,1.466666667
9/15/2014,SSO,Gull,7,0.916666667
9/15/2014,SSO,Gull,22,0.916666667
9/15/2014,SSO,SNPL,17,0.916666667
9/15/2014,SSO,Gull,43,0.916666667
9/15/2014,WAL,Gull,1,2.615384615
9/15/2014,WAL,Gull,1,2.615384615
9/15/2014,WAL,SAND,72,2.615384615
9/15/2014,WAL,SNPL,70,2.615384615
10/20/2014,MIN,Gull,270,2.833333333
10/20/2014,MIN,SAND,17,2.833333333
10/20/2014,MIN,SNPL,1,2.833333333
10/20/2014,PNO,SAND,64,2
10/20/2014,PNO,SNPL,12,2
10/20/2014,PNO,Gull,4,2
10/20/2014,SAN,Gull,76,2.225
10/20/2014,SAN,Gull,161,2.225
10/20/2014,SAN,SAND,207,2.225
10/20/2014,SAN,SNPL,10,2.225
10/20/2014,SAN,Gull,29,2.225
10/20/2014,SHN,Gull,11,3
10/20/2014,SHN,Gull,404,3
10/20/2014,SHN,SAND,1634,3
10/20/2014,SHN,SNPL,45,3
10/20/2014,SHS,Gull,4,2.35
10/20/2014,SHS,Gull,341,2.35
10/20/2014,SHS,SAND,885,2.35
10/20/2014,SHS,Gull,2,2.35
10/20/2014,SNO,Gull,1,2.3
10/20/2014,SNO,SAND,77,2.3
10/20/2014,SNO,SNPL,110,2.3
10/20/2014,SSO,SAND,364,2.361111111
10/20/2014,SSO,SNPL,45,2.361111111
10/20/2014,SSO,Gull,3,2.361111111
10/20/2014,WAL,Gull,25,3.461538462
10/20/2014,WAL,Gull,10,3.461538462
10/20/2014,WAL,SAND,175,3.461538462
10/20/2014,WAL,SNPL,27,3.461538462
10/20/2014,WAL,Gull,29,3.461538462
11/24/2014,MIN,Gull,5,1.916666667
11/24/2014,MIN,Gull,210,1.916666667
11/24/2014,MIN,SNPL,7,1.916666667
11/24/2014,MIN,Gull,3,1.916666667
11/24/2014,PNO,SAND,80,3
11/24/2014,PNO,SNPL,7,3
11/24/2014,SAN,Gull,151,1.333333333
11/24/2014,SAN,Gull,89,1.333333333
11/24/2014,SAN,SAND,330,1.333333333
11/24/2014,SAN,SNPL,26,1.333333333
11/24/2014,SAN,Gull,11,1.333333333
11/24/2014,SHN,Gull,46,1.807692308
11/24/2014,SHN,Gull,735,1.807692308
11/24/2014,SHN,SAND,1500,1.807692308
11/24/2014,SHN,SNPL,1,1.807692308
11/24/2014,SHN,Gull,10,1.807692308
11/24/2014,SHS,Gull,18,1.55
11/24/2014,SHS,SAND,1901,1.55
11/24/2014,SHS,SNPL,48,1.55
11/24/2014,SNO,SAND,7,2.2
11/24/2014,SNO,SNPL,70,2.2
11/24/2014,SSO,SAND,120,1.944444444
11/24/2014,SSO,SNPL,44,1.944444444
11/24/2014,WAL,SAND,63,2.153846154
11/24/2014,WAL,SNPL,42,2.153846154
11/24/2014,WAL,Gull,1,2.153846154
12/15/2014,SNO,SAND,1,1.133333333
12/15/2014,SNO,SNPL,89,1.133333333
12/15/2014,SSO,SNPL,54,0.75
12/15/2014,SSO,Gull,1,0.75
12/15/2014,WAL,Gull,60,1.769230769
12/15/2014,WAL,SNPL,3,1.769230769
12/15/2014,WAL,Gull,40,1.769230769
12/22/2014,MIN,Gull,10,1
12/22/2014,MIN,Gull,121,1
12/22/2014,MIN,Gull,5,1
12/22/2014,PNO,SAND,28,1.166666667
12/22/2014,PNO,SNPL,12,1.166666667
12/22/2014,PNO,Gull,1,1.166666667
12/22/2014,SAN,Gull,15,0.725
12/22/2014,SAN,Gull,68,0.725
12/22/2014,SAN,SAND,12,0.725
12/22/2014,SAN,SNPL,2,0.725
12/22/2014,SAN,Gull,23,0.725
12/22/2014,SHN,Gull,8,1.538461538
12/22/2014,SHN,Gull,238,1.538461538
12/22/2014,SHN,SAND,1800,1.538461538
12/22/2014,SHN,Gull,13,1.538461538
12/22/2014,SHS,SAND,1000,1.05
12/22/2014,SHS,SNPL,10,1.05
1/19/2015,MIN,SAND,332,0.75
1/19/2015,MIN,SNPL,24,0.75
1/19/2015,PNO,SAND,70,1.333333333
1/19/2015,PNO,SNPL,8,1.333333333
1/19/2015,SAN,SAND,168,0.95
1/19/2015,SAN,SNPL,44,0.95
1/19/2015,SAN,Gull,4,0.95
1/19/2015,SHN,Gull,1,1.653846154
1/19/2015,SHN,SAND,1121,1.653846154
1/19/2015,SHS,SAND,1019,1.1
1/19/2015,SNO,SNPL,22,2.166666667
1/19/2015,SSO,SAND,990,2
1/19/2015,SSO,SNPL,46,2
1/19/2015,WAL,Gull,39,1.615384615
1/19/2015,WAL,SAND,232,1.615384615
1/19/2015,WAL,SNPL,52,1.615384615
1/19/2015,WAL,Gull,50,1.615384615
2/16/2015,SNO,SAND,82,0.866666667
2/16/2015,SNO,SNPL,33,0.866666667
2/16/2015,SSO,SAND,860,1.111111111
2/16/2015,SSO,SNPL,79,1.111111111
2/16/2015,WAL,Gull,55,1
2/16/2015,WAL,SAND,405,1
2/16/2015,WAL,SNPL,23,1
2/16/2015,WAL,Gull,10,1
3/9/2015,MIN,SAND,200,1
3/9/2015,PNO,SAND,200,1
3/9/2015,PNO,SNPL,59,1
3/9/2015,SAN,SNPL,47,0.775
3/9/2015,SHN,SAND,1576,0.961538462
3/9/2015,SHN,SNPL,2,0.961538462
3/9/2015,SHS,SAND,410,0.8
3/9/2015,SHS,SNPL,5,0.8
3/9/2015,SNO,SAND,454,1.466666667
3/9/2015,SNO,SNPL,38,1.466666667
3/9/2015,SSO,SAND,504,1.083333333
3/9/2015,SSO,SNPL,67,1.083333333
3/9/2015,WAL,Gull,40,1.769230769
3/9/2015,WAL,SAND,505,1.769230769
3/9/2015,WAL,SNPL,51,1.769230769
3/9/2015,WAL,Gull,40,1.769230769
3/16/2015,PNO,SAND,28,1
3/16/2015,PNO,SNPL,8,1
3/16/2015,SAN,SAND,215,0.8
3/16/2015,SAN,SNPL,58,0.8
3/16/2015,SHN,SAND,790,1.230769231
3/16/2015,SHN,SNPL,2,1.230769231
3/16/2015,SHS,SAND,80,0.9
3/16/2015,SHS,SNPL,6,0.9
3/16/2015,SNO,Gull,1,1.533333333
3/16/2015,SNO,SAND,1452,1.533333333
3/16/2015,SNO,SNPL,46,1.533333333
3/16/2015,SSO,SAND,530,1.944444444
3/16/2015,SSO,SNPL,83,1.944444444
3/16/2015,WAL,Gull,20,1.692307692
3/16/2015,WAL,SNPL,30,1.692307692
3/16/2015,WAL,Gull,20,1.692307692
3/23/2015,MIN,SNPL,2,1
3/23/2015,PNO,SAND,370,0.333333333
3/23/2015,PNO,SNPL,9,0.333333333
3/23/2015,SAN,SAND,320,0.35
3/23/2015,SAN,SNPL,68,0.35
3/23/2015,SHN,SAND,17,0.807692308
3/23/2015,SHN,SNPL,8,0.807692308
3/23/2015,SHS,SNPL,5,0.5
3/23/2015,SNO,SAND,397,1.166666667
3/23/2015,SNO,SNPL,54,1.166666667
3/23/2015,SSO,SAND,30,1.5
3/23/2015,SSO,SNPL,66,1.5
3/23/2015,WAL,Gull,10,0.923076923
3/23/2015,WAL,SAND,250,0.923076923
3/23/2015,WAL,SNPL,37,0.923076923
3/30/2015,PNO,Gull,2,1.166666667
3/30/2015,PNO,SNPL,5,1.166666667
3/30/2015,SAN,Gull,1,0.7
3/30/2015,SAN,SAND,1000,0.7
3/30/2015,SAN,SNPL,60,0.7
3/30/2015,SAN,Gull,2,0.7
3/30/2015,SHN,SNPL,4,0.615384615
3/30/2015,SHS,SAND,45,0.65
3/30/2015,SHS,SNPL,3,0.65
3/30/2015,SNO,SAND,35,1.533333333
3/30/2015,SNO,SNPL,33,1.533333333
3/30/2015,SSO,SAND,1,1.555555556
3/30/2015,SSO,SNPL,43,1.555555556
3/30/2015,WAL,Gull,30,1
3/30/2015,WAL,SAND,11,1
3/30/2015,WAL,SNPL,43,1
3/30/2015,WAL,Gull,2,1
4/6/2015,MIN,SNPL,1,0.25
4/6/2015,PNO,SAND,1,1.166666667
4/6/2015,PNO,SNPL,13,1.166666667
4/6/2015,SAN,SAND,180,0.875
4/6/2015,SAN,SNPL,30,0.875
4/6/2015,SHN,SNPL,5,0.461538462
4/6/2015,SHS,SAND,5,0.6
4/6/2015,SHS,SNPL,8,0.6
4/6/2015,SNO,SNPL,45,1.3
4/6/2015,SSO,SAND,40,1.083333333
4/6/2015,SSO,SNPL,44,1.083333333
4/6/2015,WAL,SAND,80,1.461538462
4/6/2015,WAL,SNPL,41,1.461538462
4/13/2015,MIN,SNPL,1,0.5
4/13/2015,PNO,SAND,210,1.166666667
4/13/2015,PNO,SNPL,13,1.166666667
4/13/2015,SAN,SAND,1570,0.85
4/13/2015,SAN,SNPL,26,0.85
4/13/2015,SAN,Gull,3,0.85
4/13/2015,SHS,SNPL,8,0.6
4/13/2015,SNO,SAND,94,1.666666667
4/13/2015,SNO,SNPL,46,1.666666667
4/13/2015,SSO,SNPL,40,1.694444444
4/13/2015,WAL,SAND,41,1.307692308
4/13/2015,WAL,SNPL,34,1.307692308
4/20/2015,PNO,Gull,1,0.333333333
4/20/2015,PNO,SAND,500,0.333333333
4/20/2015,PNO,SNPL,13,0.333333333
4/20/2015,SAN,SAND,566,0.575
4/20/2015,SAN,SNPL,52,0.575
4/20/2015,SHN,SAND,5,0.653846154
4/20/2015,SHN,SNPL,4,0.653846154
4/20/2015,SHS,SAND,575,0.9
4/20/2015,SHS,SNPL,14,0.9
4/20/2015,SNO,SAND,16,1.433333333
4/20/2015,SNO,SNPL,67,1.433333333
4/20/2015,SSO,SNPL,31,1.222222222
4/20/2015,WAL,SAND,104,1.461538462
4/20/2015,WAL,SNPL,43,1.461538462
4/27/2015,PNO,SAND,35,1.5
4/27/2015,PNO,SNPL,7,1.5
4/27/2015,PNO,Gull,47,1.5
4/27/2015,SAN,Gull,7,0.95
4/27/2015,SAN,SAND,666,0.95
4/27/2015,SAN,SNPL,35,0.95
4/27/2015,SAN,Gull,40,0.95
4/27/2015,SHN,SAND,120,0.692307692
4/27/2015,SHN,SNPL,5,0.692307692
4/27/2015,SHS,SAND,265,0.6
4/27/2015,SHS,SNPL,10,0.6
4/27/2015,SNO,SAND,1376,1.2
4/27/2015,SNO,SNPL,45,1.2
4/27/2015,SSO,SAND,100,1.555555556
4/27/2015,SSO,SNPL,26,1.555555556
4/27/2015,WAL,SAND,50,2.115384615
4/27/2015,WAL,SNPL,48,2.115384615
4/27/2015,WAL,Gull,17,2.115384615
5/4/2015,PNO,SAND,1,1.333333333
5/4/2015,PNO,SNPL,7,1.333333333
5/4/2015,PNO,Gull,3,1.333333333
5/4/2015,SAN,Gull,38,1.2
5/4/2015,SAN,SAND,151,1.2
5/4/2015,SAN,SNPL,57,1.2
5/4/2015,SAN,Gull,13,1.2
5/4/2015,SHN,SNPL,4,0.961538462
5/4/2015,SHS,SNPL,5,1.3
5/4/2015,SHS,Gull,3,1.3
5/11/2015,MIN,Gull,1,1.5
5/11/2015,PNO,SAND,168,1.166666667
5/11/2015,PNO,SNPL,5,1.166666667
5/11/2015,PNO,Gull,4,1.166666667
5/11/2015,SAN,SAND,878,0.8
5/11/2015,SAN,SNPL,50,0.8
5/11/2015,SHN,Gull,4,0.807692308
5/11/2015,SHN,SAND,640,0.807692308
5/11/2015,SHN,SNPL,4,0.807692308
5/11/2015,SHS,SAND,235,0.6
5/11/2015,SHS,SNPL,13,0.6
5/11/2015,SNO,SAND,290,1.133333333
5/11/2015,SNO,SNPL,61,1.133333333
5/11/2015,SSO,SAND,387,1.666666667
5/11/2015,SSO,SNPL,54,1.666666667
5/11/2015,WAL,Gull,25,1.384615385
5/11/2015,WAL,SAND,553,1.384615385
5/11/2015,WAL,SNPL,52,1.384615385
5/11/2015,WAL,Gull,2,1.384615385
5/18/2015,PNO,SNPL,11,1.166666667
5/18/2015,SAN,Gull,4,1.225
5/18/2015,SAN,SAND,65,1.225
5/18/2015,SAN,SNPL,71,1.225
5/18/2015,SAN,Gull,3,1.225
5/18/2015,SHN,SNPL,2,1.692307692
5/18/2015,SHS,SNPL,10,1.55
5/18/2015,SNO,SAND,378,1.933333333
5/18/2015,SNO,SNPL,65,1.933333333
5/18/2015,SSO,SAND,298,2.138888889
5/18/2015,SSO,SNPL,83,2.138888889
5/18/2015,WAL,SAND,170,2.346153846
5/18/2015,WAL,SNPL,67,2.346153846
5/25/2015,MIN,Gull,52,1.25
5/25/2015,MIN,SNPL,2,1.25
5/25/2015,PNO,SNPL,9,1.666666667
5/25/2015,SAN,Gull,20,1.025
5/25/2015,SAN,SNPL,65,1.025
5/25/2015,SAN,Gull,1,1.025
5/25/2015,SHN,Gull,28,1
5/25/2015,SHN,SNPL,1,1
5/25/2015,SHS,Gull,3,1
5/25/2015,SHS,SAND,20,1
5/25/2015,SHS,SNPL,25,1
5/25/2015,SNO,Gull,1,1.928571429
5/25/2015,SNO,SAND,70,1.928571429
5/25/2015,SNO,SNPL,53,1.928571429
5/25/2015,SNO,Gull,3,1.928571429
5/25/2015,SSO,SAND,15,1.888888889
5/25/2015,SSO,SNPL,45,1.888888889
5/25/2015,WAL,Gull,223,1.769230769
5/25/2015,WAL,Gull,5,1.769230769
5/25/2015,WAL,SAND,61,1.769230769
5/25/2015,WAL,SNPL,59,1.769230769
5/25/2015,WAL,Gull,10,1.769230769
6/1/2015,MIN,Gull,51,1.166666667
6/1/2015,MIN,Gull,40,1.166666667
6/1/2015,PNO,Gull,5,0.666666667
6/1/2015,PNO,SNPL,6,0.666666667
6/1/2015,SAN,Gull,28,0.575
6/1/2015,SAN,Gull,1,0.575
6/1/2015,SAN,SAND,41,0.575
6/1/2015,SAN,SNPL,56,0.575
6/1/2015,SAN,Gull,6,0.575
6/1/2015,SHN,Gull,32,0.538461538
6/1/2015,SHN,SNPL,1,0.538461538
6/1/2015,SHN,Gull,4,0.538461538
6/1/2015,SHS,Gull,33,0.75
6/1/2015,SHS,Gull,10,0.75
6/1/2015,SHS,SNPL,17,0.75
6/1/2015,SHS,Gull,16,0.75
6/1/2015,SNO,Gull,3,1.733333333
6/1/2015,SNO,SNPL,69,1.733333333
6/1/2015,SSO,SNPL,49,1.388888889
6/1/2015,WAL,Gull,126,2.5
6/1/2015,WAL,Gull,2,2.5
6/1/2015,WAL,SAND,29,2.5
6/1/2015,WAL,SNPL,57,2.5
6/1/2015,WAL,Gull,17,2.5
6/8/2015,PNO,Gull,9,1.166666667
6/8/2015,PNO,SNPL,6,1.166666667
6/8/2015,PNO,Gull,1,1.166666667
6/8/2015,SAN,Gull,56,0.525
6/8/2015,SAN,SNPL,69,0.525
6/8/2015,SAN,Gull,5,0.525
6/8/2015,SHN,SNPL,4,0.576923077
6/8/2015,SHS,Gull,17,0.55
6/8/2015,SHS,Gull,3,0.55
6/8/2015,SHS,SNPL,10,0.55
6/8/2015,SHS,Gull,4,0.55
6/8/2015,SNO,SAND,1,1.266666667
6/8/2015,SNO,SNPL,75,1.266666667
6/8/2015,SSO,Gull,8,1.222222222
6/8/2015,SSO,SNPL,61,1.222222222
6/8/2015,SSO,Gull,1,1.222222222
6/8/2015,WAL,Gull,63,2.115384615
6/8/2015,WAL,SAND,10,2.115384615
6/8/2015,WAL,SNPL,73,2.115384615
6/8/2015,WAL,Gull,14,2.115384615
6/22/2015,MIN,Gull,9,1
6/22/2015,MIN,Gull,55,1
6/22/2015,MIN,SNPL,1,1
6/22/2015,PNO,Gull,22,1.666666667
6/22/2015,PNO,Gull,5,1.666666667
6/22/2015,PNO,SNPL,5,1.666666667
6/22/2015,SAN,Gull,57,1.275
6/22/2015,SAN,Gull,534,1.275
6/22/2015,SAN,SAND,1,1.275
6/22/2015,SAN,SNPL,52,1.275
6/22/2015,SAN,Gull,4,1.275
6/22/2015,SHN,Gull,14,1.166666667
6/22/2015,SHN,Gull,15,1.166666667
6/22/2015,SHN,SNPL,1,1.166666667
6/22/2015,SHN,Gull,2,1.166666667
6/22/2015,SHS,Gull,34,0.75
6/22/2015,SHS,Gull,370,0.75
6/22/2015,SHS,SNPL,8,0.75
6/22/2015,SHS,Gull,1,0.75
6/29/2015,SNO,Gull,6,1.966666667
6/29/2015,SNO,SNPL,75,1.966666667
6/29/2015,SSO,Gull,2,0.777777778
6/29/2015,SSO,SNPL,57,0.777777778
6/29/2015,WAL,Gull,33,2.307692308
6/29/2015,WAL,SAND,1,2.307692308
6/29/2015,WAL,SNPL,72,2.307692308
6/29/2015,WAL,Gull,20,2.307692308
7/6/2015,PNO,Gull,1,2.333333333
7/6/2015,PNO,SNPL,12,2.333333333
7/6/2015,SAN,SNPL,67,1.05
7/6/2015,SAN,Gull,2,1.05
7/6/2015,SHS,SNPL,8,1
7/13/2015,SNO,Gull,3,1.6
7/13/2015,SNO,SAND,10,1.6
7/13/2015,SNO,SNPL,80,1.6
7/13/2015,SNO,Gull,13,1.6
7/13/2015,SSO,SNPL,80,1.972222222
7/13/2015,WAL,Gull,100,2.615384615
7/13/2015,WAL,SAND,50,2.615384615
7/13/2015,WAL,SNPL,165,2.615384615
7/13/2015,WAL,Gull,30,2.615384615
7/20/2015,PNO,SAND,150,1.833333333
7/20/2015,PNO,SNPL,18,1.833333333
7/20/2015,PNO,Gull,4,1.833333333
7/20/2015,SAN,SAND,10,1.175
7/20/2015,SAN,SNPL,73,1.175
7/20/2015,SAN,Gull,3,1.175
7/20/2015,SHN,Gull,2,0.769230769
7/20/2015,SHN,Gull,20,0.769230769
7/20/2015,SHN,SNPL,3,0.769230769
7/20/2015,SHN,Gull,9,0.769230769
7/20/2015,SHS,Gull,1,1.1
7/20/2015,SHS,SAND,265,1.1
7/20/2015,SHS,SNPL,29,1.1
7/27/2015,SNO,Gull,6,1.666666667
7/27/2015,SNO,Gull,21,1.666666667
7/27/2015,SNO,SNPL,54,1.666666667
7/27/2015,SNO,Gull,41,1.666666667
7/27/2015,SSO,SNPL,83,1.5
7/27/2015,WAL,Gull,51,2.307692308
7/27/2015,WAL,SAND,8,2.307692308
7/27/2015,WAL,SNPL,125,2.307692308
7/27/2015,WAL,Gull,170,2.307692308
8/3/2015,PNO,SAND,120,1.333333333
8/3/2015,PNO,SNPL,14,1.333333333
8/3/2015,SAN,SAND,25,1.7
8/3/2015,SAN,SNPL,87,1.7
8/3/2015,SAN,Gull,6,1.7
8/3/2015,SHN,Gull,1,1.384615385
8/3/2015,SHS,SNPL,11,1.8
8/3/2015,SHS,Gull,1,1.8
8/10/2015,SNO,Gull,56,2.066666667
8/10/2015,SNO,Gull,105,2.066666667
8/10/2015,SNO,SAND,142,2.066666667
8/10/2015,SNO,SNPL,117,2.066666667
8/10/2015,SNO,Gull,100,2.066666667
8/10/2015,SSO,SAND,93,0.75
8/10/2015,SSO,SNPL,75,0.75
8/10/2015,WAL,SAND,13,2.769230769
8/10/2015,WAL,SNPL,38,2.769230769
8/10/2015,WAL,Gull,50,2.769230769
8/17/2015,MIN,Gull,13,1.333333333
8/17/2015,MIN,Gull,570,1.333333333
8/17/2015,MIN,Gull,17,1.333333333
8/17/2015,PNO,SAND,360,2
8/17/2015,PNO,SNPL,30,2
8/17/2015,SAN,SAND,1,1.075
8/17/2015,SAN,SNPL,112,1.075
8/17/2015,SHN,SAND,26,1.384615385
8/17/2015,SHN,SNPL,6,1.384615385
8/17/2015,SHS,Gull,1,1.4
8/17/2015,SHS,SNPL,46,1.4
8/24/2015,SNO,Gull,60,1.966666667
8/24/2015,SNO,Gull,16,1.966666667
8/24/2015,SNO,SAND,51,1.966666667
8/24/2015,SNO,SNPL,101,1.966666667
8/24/2015,SNO,Gull,20,1.966666667
8/24/2015,SSO,SNPL,63,2.527777778
8/24/2015,WAL,Gull,11,1.653846154
8/24/2015,WAL,Gull,1,1.653846154
8/24/2015,WAL,SAND,32,1.653846154
8/24/2015,WAL,SNPL,50,1.653846154
8/24/2015,WAL,Gull,5,1.653846154
8/31/2015,MIN,Gull,4,1.583333333
8/31/2015,MIN,Gull,530,1.583333333
8/31/2015,MIN,Gull,8,1.583333333
8/31/2015,PNO,SAND,120,2
8/31/2015,PNO,SNPL,20,2
8/31/2015,SAN,SNPL,66,1.7
8/31/2015,SHN,Gull,8,1.346153846
8/31/2015,SHN,SAND,182,1.346153846
8/31/2015,SHN,SNPL,2,1.346153846
8/31/2015,SHN,Gull,1,1.346153846
8/31/2015,SHS,Gull,1,1.8
8/31/2015,SHS,SAND,95,1.8
8/31/2015,SHS,SNPL,49,1.8
9/7/2015,SNO,Gull,1,1.233333333
9/7/2015,SNO,SAND,251,1.233333333
9/7/2015,SNO,SNPL,133,1.233333333
9/7/2015,SSO,SAND,255,1.527777778
9/7/2015,SSO,SNPL,54,1.527777778
9/7/2015,WAL,Gull,40,2.153846154
9/7/2015,WAL,Gull,15,2.153846154
9/7/2015,WAL,SAND,243,2.153846154
9/7/2015,WAL,SNPL,87,2.153846154
9/7/2015,WAL,Gull,10,2.153846154
9/14/2015,MIN,Gull,11,1.5
9/14/2015,MIN,Gull,134,1.5
9/14/2015,MIN,SAND,101,1.5
9/14/2015,MIN,Gull,1,1.5
9/14/2015,PNO,SAND,55,1.666666667
9/14/2015,PNO,SNPL,21,1.666666667
9/14/2015,SAN,SAND,181,1.7
9/14/2015,SAN,SNPL,91,1.7
9/14/2015,SHN,SAND,206,1.384615385
9/14/2015,SHN,SNPL,9,1.384615385
9/14/2015,SHS,SAND,38,1.3
9/14/2015,SHS,SNPL,85,1.3
9/21/2015,SNO,SAND,80,1.533333333
9/21/2015,SNO,SNPL,44,1.533333333
9/21/2015,SSO,SAND,30,1.277777778
9/21/2015,SSO,SNPL,21,1.277777778
9/21/2015,WAL,Gull,1,1.538461538
9/21/2015,WAL,Gull,1,1.538461538
9/21/2015,WAL,SAND,277,1.538461538
9/21/2015,WAL,SNPL,154,1.538461538
10/19/2015,MIN,Gull,88,1.666666667
10/19/2015,MIN,SAND,170,1.666666667
10/19/2015,MIN,SNPL,20,1.666666667
10/19/2015,MIN,Gull,7,1.666666667
10/19/2015,PNO,SAND,103,2.666666667
10/19/2015,PNO,SNPL,17,2.666666667
10/19/2015,PNO,Gull,2,2.666666667
10/19/2015,SAN,Gull,1,1.875
10/19/2015,SAN,Gull,4,1.875
10/19/2015,SAN,SAND,209,1.875
10/19/2015,SAN,SNPL,52,1.875
10/19/2015,SAN,Gull,7,1.875
10/19/2015,SHN,Gull,1,1.384615385
10/19/2015,SHN,Gull,110,1.384615385
10/19/2015,SHN,SAND,295,1.384615385
10/19/2015,SHN,SNPL,46,1.384615385
10/19/2015,SHN,Gull,5,1.384615385
10/19/2015,SHS,Gull,2,1.3
10/19/2015,SHS,Gull,4,1.3
10/19/2015,SHS,SAND,225,1.3
10/19/2015,SHS,SNPL,29,1.3
10/19/2015,SNO,SAND,41,0.966666667
10/19/2015,SNO,SNPL,53,0.966666667
10/19/2015,SSO,SAND,580,1.361111111
10/19/2015,SSO,SNPL,29,1.361111111
10/19/2015,WAL,SAND,58,1.346153846
10/19/2015,WAL,SNPL,75,1.346153846
11/16/2015,MIN,Gull,2,1
11/16/2015,MIN,Gull,44,1
11/16/2015,MIN,SAND,220,1
11/16/2015,MIN,SNPL,25,1
11/16/2015,MIN,Gull,1,1
11/16/2015,PNO,SAND,53,0.5
11/16/2015,PNO,SNPL,15,0.5
11/16/2015,SAN,Gull,2,0.25
11/16/2015,SAN,SAND,57,0.25
11/16/2015,SAN,SNPL,47,0.25
11/16/2015,SAN,Gull,18,0.25
11/16/2015,SHN,Gull,1,0.384615385
11/16/2015,SHN,SAND,64,0.384615385
11/16/2015,SHN,SNPL,20,0.384615385
11/16/2015,SHN,Gull,1,0.384615385
11/16/2015,SHS,SAND,77,0
11/16/2015,SHS,SNPL,24,0
11/16/2015,SHS,Gull,1,0
11/16/2015,SNO,SAND,27,1.066666667
11/16/2015,SNO,SNPL,38,1.066666667
11/16/2015,SSO,SAND,121,0.805555556
11/16/2015,SSO,SNPL,43,0.805555556
11/16/2015,SSO,Gull,1,0.805555556
11/16/2015,WAL,SAND,42,0.961538462
11/16/2015,WAL,SNPL,21,0.961538462
11/16/2015,WAL,Gull,1,0.961538462
12/14/2015,MIN,SAND,3,0.833333333
12/14/2015,MIN,SNPL,13,0.833333333
12/14/2015,MIN,Gull,1,0.833333333
12/14/2015,PNO,SAND,8,0.666666667
12/14/2015,PNO,SNPL,4,0.666666667
12/14/2015,SAN,Gull,7,1.6
12/14/2015,SAN,SAND,54,1.6
12/14/2015,SAN,SNPL,53,1.6
12/14/2015,SAN,Gull,12,1.6
12/14/2015,SHN,SAND,21,1.5
12/14/2015,SHN,SNPL,20,1.5
12/14/2015,SHS,SAND,22,1.55
12/14/2015,SHS,SNPL,19,1.55
12/14/2015,SNO,SAND,11,1
12/14/2015,SNO,SNPL,26,1
12/14/2015,SSO,SAND,142,1.222222222
12/14/2015,SSO,SNPL,26,1.222222222
12/14/2015,WAL,Gull,70,1.461538462
12/14/2015,WAL,SAND,37,1.461538462
12/14/2015,WAL,SNPL,26,1.461538462
12/14/2015,WAL,Gull,11,1.461538462
1/18/2016,MIN,SAND,77,0.083333333
1/18/2016,MIN,SNPL,15,0.083333333
1/18/2016,PNO,SAND,69,0.666666667
1/18/2016,PNO,SNPL,2,0.666666667
1/18/2016,SAN,SAND,63,0.625
1/18/2016,SAN,SNPL,32,0.625
1/18/2016,SAN,Gull,5,0.625
1/18/2016,SHN,SAND,112,0
1/18/2016,SHN,SNPL,3,0
1/18/2016,SHN,Gull,1,0
1/18/2016,SHS,SAND,67,0.1
1/18/2016,SHS,SNPL,4,0.1
1/18/2016,SNO,SAND,196,0.133333333
1/18/2016,SNO,SNPL,64,0.133333333
1/18/2016,SSO,SAND,200,0.25
1/18/2016,SSO,SNPL,44,0.25
1/18/2016,SSO,Gull,2,0.25
1/18/2016,WAL,SAND,159,0.538461538
1/18/2016,WAL,SNPL,35,0.538461538
2/15/2016,MIN,SAND,111,0
2/15/2016,MIN,SNPL,10,0
2/15/2016,PNO,SAND,15,0.333333333
2/15/2016,SAN,SAND,315,0.05
2/15/2016,SAN,SNPL,23,0.05
2/15/2016,SAN,Gull,2,0.05
2/15/2016,SHN,SAND,174,0.192307692
2/15/2016,SHS,SAND,85,0
2/15/2016,SNO,Gull,1,0.3
2/15/2016,SNO,SAND,198,0.3
2/15/2016,SNO,SNPL,20,0.3
2/15/2016,SNO,Gull,1,0.3
2/15/2016,SSO,SAND,161,0.333333333
2/15/2016,SSO,SNPL,45,0.333333333
2/15/2016,WAL,Gull,1,0.576923077
2/15/2016,WAL,SAND,87,0.576923077
2/15/2016,WAL,SNPL,36,0.576923077
2/15/2016,WAL,Gull,3,0.576923077
2/29/2016,SNO,SAND,330,0.4
2/29/2016,SNO,SNPL,21,0.4
2/29/2016,SSO,SAND,490,0.527777778
2/29/2016,SSO,SNPL,35,0.527777778
2/29/2016,WAL,SAND,725,0.538461538
2/29/2016,WAL,SNPL,41,0.538461538
3/7/2016,MIN,SNPL,3,0.583333333
3/7/2016,PNO,SNPL,5,0.5
3/7/2016,SHN,SAND,520,0.653846154
3/7/2016,SHS,SAND,322,0.7
3/7/2016,SHS,SNPL,1,0.7
3/14/2016,SNO,SAND,15,0.166666667
3/14/2016,SNO,SNPL,11,0.166666667
3/14/2016,SSO,Gull,1,0.527777778
3/14/2016,SSO,SAND,2803,0.527777778
3/14/2016,SSO,SNPL,45,0.527777778
3/14/2016,WAL,Gull,40,0.769230769
3/14/2016,WAL,SAND,362,0.769230769
3/14/2016,WAL,SNPL,38,0.769230769
3/14/2016,WAL,Gull,10,0.769230769
3/21/2016,MIN,SNPL,3,0.833333333
3/21/2016,MIN,Gull,2,0.833333333
3/21/2016,PNO,SNPL,1,0.5
3/21/2016,SAN,SAND,1,0.5
3/21/2016,SAN,SNPL,30,0.5
3/21/2016,SHS,SAND,20,0.45
3/21/2016,SHS,SNPL,8,0.45
3/28/2016,SNO,SAND,270,0.566666667
3/28/2016,SNO,SNPL,28,0.566666667
3/28/2016,SSO,SAND,155,0.916666667
3/28/2016,SSO,SNPL,28,0.916666667
3/28/2016,WAL,SAND,40,0.461538462
3/28/2016,WAL,SNPL,53,0.461538462
3/28/2016,WAL,Gull,3,0.461538462
4/4/2016,MIN,SNPL,4,0.416666667
4/4/2016,PNO,SAND,4,0.166666667
4/4/2016,PNO,SNPL,9,0.166666667
4/4/2016,SAN,SNPL,52,0.125
4/4/2016,SHN,SNPL,6,0.538461538
4/4/2016,SHS,SNPL,20,0.1
4/11/2016,SNO,SAND,359,0.9
4/11/2016,SNO,SNPL,47,0.9
4/11/2016,SNO,Gull,1,0.9
4/11/2016,SSO,SAND,50,0.444444444
4/11/2016,SSO,SNPL,36,0.444444444
4/11/2016,WAL,SAND,45,0.653846154
4/11/2016,WAL,SNPL,44,0.653846154
4/18/2016,MIN,SAND,20,0.333333333
4/18/2016,MIN,SNPL,3,0.333333333
4/18/2016,PNO,SNPL,11,0.166666667
4/18/2016,SAN,SAND,63,0.25
4/18/2016,SAN,SNPL,45,0.25
4/18/2016,SHN,SAND,305,0.269230769
4/18/2016,SHN,SNPL,11,0.269230769
4/18/2016,SHS,SAND,155,0
4/18/2016,SHS,SNPL,8,0
4/25/2016,SNO,SAND,300,1.033333333
4/25/2016,SNO,SNPL,43,1.033333333
4/25/2016,SSO,SAND,150,1.166666667
4/25/2016,SSO,SNPL,29,1.166666667
4/25/2016,WAL,Gull,25,0.961538462
4/25/2016,WAL,SAND,150,0.961538462
4/25/2016,WAL,SNPL,36,0.961538462
4/25/2016,WAL,Gull,20,0.961538462
5/2/2016,MIN,Gull,1,0.833333333
5/2/2016,MIN,SAND,617,0.833333333
5/2/2016,MIN,SNPL,3,0.833333333
5/2/2016,PNO,SNPL,11,0.5
5/2/2016,SAN,SAND,19,0.35
5/2/2016,SAN,SNPL,39,0.35
5/2/2016,SHN,SAND,370,1.346153846
5/2/2016,SHN,SNPL,8,1.346153846
5/2/2016,SHS,SAND,32,0.65
5/2/2016,SHS,SNPL,10,0.65
5/9/2016,MIN,SNPL,1,0.583333333
5/9/2016,PNO,SAND,1,0.5
5/9/2016,PNO,SNPL,3,0.5
5/9/2016,SAN,SAND,160,0.575
5/9/2016,SAN,SNPL,50,0.575
5/9/2016,SHN,SNPL,4,0.461538462
5/9/2016,SHS,SNPL,8,0.2
5/9/2016,SNO,SAND,780,0.366666667
5/9/2016,SNO,SNPL,36,0.366666667
5/9/2016,SSO,SAND,100,0.25
5/9/2016,SSO,SNPL,29,0.25
5/9/2016,WAL,SAND,230,0.615384615
5/9/2016,WAL,SNPL,27,0.615384615
5/16/2016,PNO,SAND,15,0.666666667
5/16/2016,PNO,SNPL,7,0.666666667
5/16/2016,PNO,Gull,3,0.666666667
5/16/2016,SAN,SAND,15,0.4
5/16/2016,SAN,SNPL,49,0.4
5/16/2016,SHN,SAND,50,0.730769231
5/16/2016,SHN,SNPL,8,0.730769231
5/16/2016,SHS,SAND,125,0.5
5/16/2016,SHS,SNPL,10,0.5
5/16/2016,SNO,SAND,310,0.964285714
5/16/2016,SNO,SNPL,47,0.964285714
5/16/2016,SSO,SNPL,26,0.75
5/16/2016,WAL,SAND,1,1.846153846
5/16/2016,WAL,SNPL,42,1.846153846
5/16/2016,WAL,Gull,2,1.846153846
5/30/2016,MIN,SNPL,4,0.583333333
5/30/2016,PNO,SNPL,6,0.833333333
5/30/2016,SAN,SNPL,62,0.5
5/30/2016,SHN,SNPL,4,0.884615385
5/30/2016,SHS,SNPL,11,0.2
5/30/2016,SNO,Gull,1,1.166666667
5/30/2016,SNO,SNPL,78,1.166666667
5/30/2016,SSO,SNPL,32,1.25
5/30/2016,WAL,SNPL,54,1.153846154
6/20/2016,PNO,Gull,2,0.5
6/20/2016,PNO,SNPL,8,0.5
6/20/2016,SAN,SNPL,79,0.6
6/20/2016,SHN,Gull,1,1.230769231
6/20/2016,SHN,SNPL,14,1.230769231
6/20/2016,SHS,SNPL,12,0.6
6/27/2016,SNO,SNPL,63,0.866666667
6/27/2016,SSO,SNPL,68,0.25
6/27/2016,WAL,Gull,250,1.230769231
6/27/2016,WAL,SNPL,64,1.230769231
6/27/2016,WAL,Gull,77,1.230769231
7/4/2016,MIN,SNPL,1,0.583333333
7/4/2016,MIN,Gull,1,0.583333333
7/4/2016,PNO,SNPL,18,1.333333333
7/4/2016,SAN,SNPL,92,1.125
7/4/2016,SHN,SNPL,3,0.5
7/4/2016,SHS,SAND,5,0.35
7/4/2016,SHS,SNPL,9,0.35
7/4/2016,SHS,Gull,1,0.35
7/11/2016,SNO,Gull,12,1.8
7/11/2016,SNO,Gull,100,1.8
7/11/2016,SNO,SNPL,62,1.8
7/11/2016,SNO,Gull,2,1.8
7/11/2016,SSO,Gull,1,1.194444444
7/11/2016,SSO,SNPL,64,1.194444444
7/11/2016,WAL,Gull,2,1.307692308
7/11/2016,WAL,Gull,6,1.307692308
7/11/2016,WAL,SAND,215,1.307692308
7/11/2016,WAL,SNPL,68,1.307692308
7/11/2016,WAL,Gull,50,1.307692308
7/18/2016,MIN,SNPL,1,0.583333333
7/18/2016,PNO,Gull,1,0.5
7/18/2016,PNO,SAND,10,0.5
7/18/2016,PNO,SNPL,10,0.5
7/18/2016,SAN,Gull,2,0.75
7/18/2016,SAN,SAND,1,0.75
7/18/2016,SAN,SNPL,64,0.75
7/18/2016,SHN,SNPL,13,0.307692308
7/18/2016,SHS,SNPL,8,0.25
8/1/2016,MIN,Gull,1,1.083333333
8/1/2016,PNO,SAND,490,0.833333333
8/1/2016,PNO,SNPL,21,0.833333333
8/1/2016,SAN,SAND,23,0.4
8/1/2016,SAN,SNPL,88,0.4
8/1/2016,SHN,SNPL,4,1.230769231
8/1/2016,SHS,SAND,3,1.1
8/1/2016,SHS,SNPL,6,1.1
8/1/2016,SNO,Gull,1,1.7
8/1/2016,SNO,SAND,108,1.7
8/1/2016,SNO,SNPL,75,1.7
8/1/2016,SNO,Gull,1,1.7
8/1/2016,SSO,SNPL,24,1.777777778
8/1/2016,WAL,Gull,50,1.653846154
8/1/2016,WAL,Gull,1,1.653846154
8/1/2016,WAL,SAND,735,1.653846154
8/1/2016,WAL,SNPL,117,1.653846154
8/1/2016,WAL,Gull,600,1.653846154
8/8/2016,SNO,SAND,50,2.233333333
8/8/2016,SNO,SNPL,83,2.233333333
8/8/2016,SNO,Gull,1,2.233333333
8/8/2016,SSO,Gull,1,0.694444444
8/8/2016,SSO,SNPL,4,0.694444444
8/8/2016,WAL,Gull,90,1.538461538
8/8/2016,WAL,Gull,1,1.538461538
8/8/2016,WAL,SAND,107,1.538461538
8/8/2016,WAL,SNPL,103,1.538461538
8/8/2016,WAL,Gull,500,1.538461538
8/15/2016,MIN,Gull,10,0.75
8/15/2016,MIN,Gull,255,0.75
8/15/2016,MIN,SAND,20,0.75
8/15/2016,MIN,Gull,82,0.75
8/15/2016,PNO,SAND,11,2.333333333
8/15/2016,PNO,SNPL,20,2.333333333
8/15/2016,SAN,SAND,10,1.225
8/15/2016,SAN,SNPL,90,1.225
8/15/2016,SAN,Gull,1,1.225
8/15/2016,SHN,Gull,100,1.076923077
8/15/2016,SHN,SAND,1,1.076923077
8/15/2016,SHN,SNPL,18,1.076923077
8/15/2016,SHN,Gull,20,1.076923077
8/15/2016,SHS,SAND,10,0.5
8/15/2016,SHS,SNPL,2,0.5
8/22/2016,SNO,SAND,1475,1.733333333
8/22/2016,SNO,SNPL,115,1.733333333
8/22/2016,SSO,SNPL,4,1.277777778
8/22/2016,SSO,Gull,8,1.277777778
8/22/2016,WAL,Gull,1,0.846153846
8/22/2016,WAL,Gull,90,0.846153846
8/22/2016,WAL,SAND,229,0.846153846
8/22/2016,WAL,SNPL,52,0.846153846
8/22/2016,WAL,Gull,200,0.846153846
8/29/2016,MIN,Gull,81,0.75
8/29/2016,MIN,Gull,12,0.75
8/29/2016,PNO,SAND,40,2
8/29/2016,PNO,SNPL,2,2
8/29/2016,PNO,Gull,13,2
8/29/2016,SAN,SAND,156,1.368421053
8/29/2016,SAN,SNPL,45,1.368421053
8/29/2016,SHN,SNPL,8,0.692307692
8/29/2016,SHS,SAND,322,0.55
8/29/2016,SHS,SNPL,4,0.55
8/29/2016,SHS,Gull,1,0.55
9/5/2016,SNO,Gull,1,1.966666667
9/5/2016,SNO,SAND,424,1.966666667
9/5/2016,SNO,SNPL,95,1.966666667
9/5/2016,SSO,SAND,365,0.75
9/5/2016,SSO,SNPL,20,0.75
9/5/2016,SSO,Gull,8,0.75
9/5/2016,WAL,Gull,4,1.846153846
9/5/2016,WAL,SAND,149,1.846153846
9/5/2016,WAL,SNPL,60,1.846153846
9/5/2016,WAL,Gull,9,1.846153846
9/12/2016,MIN,SNPL,1,1
9/12/2016,MIN,Gull,2,1
9/12/2016,PNO,Gull,1,2.333333333
9/12/2016,PNO,SAND,156,2.333333333
9/12/2016,PNO,SNPL,7,2.333333333
9/12/2016,SAN,SNPL,64,1.125
9/12/2016,SHN,SNPL,16,1.038461538
9/12/2016,SHS,Gull,2,0.85
10/17/2016,MIN,SNPL,4,1.333333333
10/17/2016,MIN,Gull,3,1.333333333
10/17/2016,PNO,SAND,90,0.833333333
10/17/2016,SAN,SAND,278,0.5
10/17/2016,SAN,SNPL,79,0.5
10/17/2016,SAN,Gull,3,0.5
10/17/2016,SHN,Gull,1,1.076923077
10/17/2016,SHN,SAND,795,1.076923077
10/17/2016,SHN,Gull,6,1.076923077
10/17/2016,SHS,SAND,23,0.85
10/17/2016,SHS,SNPL,2,0.85
10/17/2016,SNO,SAND,225,1.333333333
10/17/2016,SNO,Gull,1,1.333333333
10/17/2016,SSO,Gull,1,1.25
10/17/2016,SSO,Gull,4,1.25
10/17/2016,WAL,SAND,254,2.576923077
10/17/2016,WAL,SNPL,84,2.576923077
11/28/2016,MIN,SNPL,7,0.75
11/28/2016,MIN,Gull,1,0.75
11/28/2016,PNO,SAND,15,1
11/28/2016,SAN,SAND,81,1
11/28/2016,SAN,SNPL,19,1
11/28/2016,SAN,Gull,8,1
11/28/2016,SHN,SAND,131,0.769230769
11/28/2016,SHN,SNPL,2,0.769230769
11/28/2016,SHS,SAND,75,0.45
11/28/2016,SHS,SNPL,15,0.45
11/28/2016,SNO,SAND,355,0.933333333
11/28/2016,SNO,SNPL,48,0.933333333
11/28/2016,SSO,SNPL,22,1.277777778
11/28/2016,WAL,SNPL,20,1.192307692
12/26/2016,MIN,SAND,80,0.25
12/26/2016,MIN,Gull,7,0.25
12/26/2016,PNO,SAND,5,0.5
12/26/2016,PNO,SNPL,6,0.5
12/26/2016,SAN,Gull,1,0.3
12/26/2016,SAN,SAND,10,0.3
12/26/2016,SAN,SNPL,10,0.3
12/26/2016,SHN,SAND,174,0.307692308
12/26/2016,SHN,SNPL,22,0.307692308
12/26/2016,SHS,SAND,81,0.05
12/26/2016,SHS,SNPL,14,0.05
12/26/2016,SHS,Gull,1,0.05
12/26/2016,SNO,SAND,50,0.7
12/26/2016,SNO,SNPL,46,0.7
12/26/2016,SNO,Gull,2,0.7
12/26/2016,SSO,SAND,343,0.722222222
12/26/2016,SSO,SNPL,29,0.722222222
12/26/2016,SSO,Gull,1,0.722222222
12/26/2016,WAL,SAND,69,1.423076923
12/26/2016,WAL,SNPL,28,1.423076923
12/26/2016,WAL,Gull,1,1.423076923
1/23/2017,PNO,SAND,12,0.333333333
1/23/2017,PNO,SNPL,1,0.333333333
1/23/2017,SAN,SAND,46,0.375
1/23/2017,SAN,SNPL,46,0.375
1/23/2017,SHN,SAND,155,0.653846154
1/23/2017,SHN,SNPL,1,0.653846154
1/23/2017,SHS,SAND,134,0.7
1/23/2017,SHS,SNPL,8,0.7
1/23/2017,SNO,SAND,122,1.133333333
1/23/2017,SNO,SNPL,26,1.133333333
1/23/2017,SNO,Gull,8,1.133333333
1/23/2017,SSO,SAND,14,0.777777778
1/23/2017,SSO,SNPL,23,0.777777778
1/23/2017,WAL,Gull,33,1.153846154
1/23/2017,WAL,Gull,5,1.153846154
1/23/2017,WAL,SAND,74,1.153846154
1/23/2017,WAL,SNPL,38,1.153846154
1/23/2017,WAL,Gull,60,1.153846154
2/20/2017,SAN,SNPL,15,0.75
2/20/2017,SAN,Gull,1,0.75
2/20/2017,SNO,SNPL,49,0.5
2/20/2017,SSO,SAND,161,0.611111111
2/20/2017,SSO,SNPL,29,0.611111111
2/20/2017,SSO,Gull,1,0.611111111
2/20/2017,WAL,SNPL,5,0.681818182
3/6/2017,SNO,SAND,250,0.8
3/6/2017,SNO,SNPL,36,0.8
3/6/2017,SSO,SAND,1391,0.617647059
3/6/2017,SSO,SNPL,63,0.617647059
3/6/2017,WAL,SNPL,14,0.807692308
3/13/2017,MIN,SAND,51,0.916666667
3/13/2017,MIN,SNPL,11,0.916666667
3/13/2017,SAN,SAND,35,0.525
3/13/2017,SAN,SNPL,33,0.525
3/13/2017,SHN,SAND,206,0.576923077
3/13/2017,SHS,SAND,230,0.2
3/13/2017,SHS,SNPL,4,0.2
3/20/2017,WAL,SAND,5,1
3/20/2017,WAL,SNPL,24,1
3/27/2017,SNO,SNPL,32,0.333333333
3/27/2017,SSO,SNPL,57,1.138888889
4/3/2017,SNO,SNPL,38,1.1
4/3/2017,SSO,SAND,50,0.444444444
4/3/2017,SSO,SNPL,34,0.444444444
4/3/2017,WAL,SNPL,39,0.961538462
4/10/2017,MIN,Gull,200,1.166666667
4/10/2017,PNO,SNPL,3,0
4/10/2017,SAN,SAND,30,0.15
4/10/2017,SAN,SNPL,67,0.15
4/10/2017,SHN,SAND,3,1.307692308
4/10/2017,SHN,SNPL,8,1.307692308
4/10/2017,SHS,SNPL,20,0.9
4/17/2017,SNO,Gull,2,1.166666667
4/17/2017,SNO,SAND,210,1.166666667
4/17/2017,SNO,SNPL,54,1.166666667
4/17/2017,SSO,SNPL,50,0.5
4/17/2017,WAL,Gull,6,1.192307692
4/17/2017,WAL,SAND,18,1.192307692
4/17/2017,WAL,SNPL,29,1.192307692
4/17/2017,WAL,Gull,2,1.192307692
5/1/2017,SNO,SAND,236,1.2
5/1/2017,SNO,SNPL,63,1.2
5/1/2017,SSO,SAND,760,0.611111111
5/1/2017,SSO,SNPL,47,0.611111111
5/1/2017,WAL,Gull,113,1.923076923
5/1/2017,WAL,SAND,905,1.923076923
5/1/2017,WAL,SNPL,54,1.923076923
5/1/2017,WAL,Gull,101,1.923076923
5/8/2017,PNO,SNPL,5,0.5
5/8/2017,SAN,Gull,20,0.075
5/8/2017,SAN,SAND,35,0.075
5/8/2017,SAN,SNPL,59,0.075
5/8/2017,SAN,Gull,10,0.075
5/8/2017,SHN,SNPL,2,1.307692308
5/8/2017,SHS,SNPL,9,1.05
5/8/2017,SNO,SAND,1123,1.266666667
5/8/2017,SNO,SNPL,52,1.266666667
5/8/2017,SSO,SAND,400,0.472222222
5/8/2017,SSO,SNPL,43,0.472222222
5/8/2017,WAL,Gull,120,1.384615385
5/8/2017,WAL,SAND,2185,1.384615385
5/8/2017,WAL,SNPL,47,1.384615385
5/8/2017,WAL,Gull,30,1.384615385
5/22/2017,MIN,Gull,165,1.166666667
5/22/2017,PNO,SNPL,5,0.25
5/22/2017,SAN,Gull,158,0.868421053
5/22/2017,SAN,SAND,1,0.868421053
5/22/2017,SAN,SNPL,53,0.868421053
5/22/2017,SAN,Gull,1,0.868421053
5/22/2017,SHN,Gull,4,0.653846154
5/22/2017,SHN,SNPL,4,0.653846154
5/22/2017,SHN,Gull,1,0.653846154
5/22/2017,SHS,Gull,1,0.15
5/22/2017,SHS,SNPL,10,0.15
5/22/2017,SNO,Gull,1,1.266666667
5/22/2017,SNO,SAND,20,1.266666667
5/22/2017,SNO,SNPL,59,1.266666667
5/22/2017,SSO,Gull,73,0.527777778
5/22/2017,SSO,SNPL,30,0.527777778
5/22/2017,SSO,Gull,1,0.527777778
5/22/2017,WAL,Gull,120,1.846153846
5/22/2017,WAL,SAND,138,1.846153846
5/22/2017,WAL,SNPL,67,1.846153846
5/22/2017,WAL,Gull,6,1.846153846
6/5/2017,MIN,Gull,31,1.166666667
6/5/2017,MIN,Gull,10,1.166666667
6/5/2017,MIN,SNPL,4,1.166666667
6/5/2017,MIN,Gull,1,1.166666667
6/5/2017,PNO,SNPL,10,0.75
6/5/2017,SAN,Gull,18,1.3
6/5/2017,SAN,SNPL,45,1.3
6/5/2017,SAN,Gull,6,1.3
6/5/2017,SHN,Gull,19,0.884615385
6/5/2017,SHN,Gull,2,0.884615385
6/5/2017,SHN,SNPL,3,0.884615385
6/5/2017,SHN,Gull,1,0.884615385
6/5/2017,SHS,Gull,13,0.8
6/5/2017,SHS,SNPL,16,0.8
6/5/2017,SNO,Gull,5,1.033333333
6/5/2017,SNO,SNPL,59,1.033333333
6/5/2017,SNO,Gull,28,1.033333333
6/5/2017,SSO,Gull,12,0.666666667
6/5/2017,SSO,SNPL,39,0.666666667
6/5/2017,WAL,Gull,78,2.076923077
6/5/2017,WAL,SAND,1,2.076923077
6/5/2017,WAL,SNPL,78,2.076923077
6/5/2017,WAL,Gull,24,2.076923077
6/19/2017,MIN,Gull,1,1.25
6/19/2017,MIN,SNPL,1,1.25
6/19/2017,MIN,Gull,2,1.25
6/19/2017,PNO,Gull,1,1
6/19/2017,PNO,SNPL,11,1
6/19/2017,SAN,Gull,25,1.15
6/19/2017,SAN,SNPL,52,1.15
6/19/2017,SAN,Gull,10,1.15
6/19/2017,SHN,Gull,25,0.807692308
6/19/2017,SHN,Gull,2,0.807692308
6/19/2017,SHS,SNPL,4,0.4
6/19/2017,SNO,Gull,3,1.285714286
6/19/2017,SNO,SNPL,83,1.285714286
6/19/2017,SSO,Gull,19,0.873239437
6/19/2017,SSO,Gull,3,0.873239437
6/19/2017,SSO,SNPL,168,0.873239437
6/19/2017,SSO,Gull,55,0.873239437
6/19/2017,WAL,Gull,36,2.076923077
6/19/2017,WAL,SAND,10,2.076923077
6/19/2017,WAL,SNPL,51,2.076923077
6/19/2017,WAL,Gull,23,2.076923077
6/26/2017,SSO,Gull,5,0.638888889
6/26/2017,SSO,Gull,1,0.638888889
6/26/2017,SSO,SNPL,79,0.638888889
6/26/2017,SSO,Gull,1,0.638888889
7/3/2017,MIN,Gull,1,0.916666667
7/3/2017,MIN,SNPL,1,0.916666667
7/3/2017,PNO,SNPL,7,1
7/3/2017,SAN,SAND,1,0.4
7/3/2017,SAN,SNPL,55,0.4
7/3/2017,SHN,SNPL,2,0.884615385
7/3/2017,SHS,Gull,2,0.65
7/3/2017,SHS,SNPL,8,0.65
7/10/2017,SNO,Gull,3,1.7
7/10/2017,SNO,SNPL,89,1.7
7/10/2017,SSO,Gull,6,0.666666667
7/10/2017,SSO,SNPL,42,0.666666667
7/10/2017,SSO,Gull,1,0.666666667
7/10/2017,WAL,Gull,5,1.076923077
7/10/2017,WAL,Gull,15,1.076923077
7/10/2017,WAL,SAND,25,1.076923077
7/10/2017,WAL,SNPL,58,1.076923077
7/10/2017,WAL,Gull,31,1.076923077
7/17/2017,PNO,SNPL,2,1.333333333
7/17/2017,SAN,Gull,3,0.85
7/17/2017,SAN,SNPL,77,0.85
7/17/2017,SHN,SNPL,6,1.076923077
7/17/2017,SHS,SAND,20,0.75
7/17/2017,SHS,SNPL,10,0.75
7/24/2017,SNO,Gull,1,1.8
7/24/2017,SNO,SAND,201,1.8
7/24/2017,SNO,SNPL,103,1.8
7/24/2017,SSO,Gull,1,1.166666667
7/24/2017,SSO,SAND,3,1.166666667
7/24/2017,SSO,SNPL,38,1.166666667
7/24/2017,WAL,Gull,21,1.384615385
7/24/2017,WAL,Gull,5,1.384615385
7/24/2017,WAL,SAND,373,1.384615385
7/24/2017,WAL,SNPL,62,1.384615385
7/24/2017,WAL,Gull,50,1.384615385
7/31/2017,MIN,Gull,1,0.916666667
7/31/2017,PNO,SNPL,6,1.666666667
7/31/2017,SAN,SAND,9,0.625
7/31/2017,SAN,SNPL,61,0.625
7/31/2017,SHN,SNPL,9,0.730769231
7/31/2017,SHS,Gull,1,0.55
7/31/2017,SHS,SNPL,8,0.55
8/7/2017,SNO,Gull,2,1.533333333
8/7/2017,SNO,SAND,177,1.533333333
8/7/2017,SNO,SNPL,115,1.533333333
8/7/2017,SSO,SNPL,30,0.805555556
8/7/2017,WAL,Gull,70,2.153846154
8/7/2017,WAL,Gull,57,2.153846154
8/7/2017,WAL,SAND,270,2.153846154
8/7/2017,WAL,SNPL,31,2.153846154
8/7/2017,WAL,Gull,55,2.153846154
8/14/2017,MIN,Gull,30,1.166666667
8/14/2017,MIN,Gull,47,1.166666667
8/14/2017,MIN,Gull,10,1.166666667
8/14/2017,PNO,SAND,24,2.333333333
8/14/2017,PNO,SNPL,7,2.333333333
8/14/2017,SAN,Gull,7,0.9
8/14/2017,SAN,SAND,38,0.9
8/14/2017,SAN,SNPL,55,0.9
8/14/2017,SAN,Gull,2,0.9
8/14/2017,SHN,SAND,22,1.115384615
8/14/2017,SHN,SNPL,6,1.115384615
8/14/2017,SHS,SAND,25,0.65
8/14/2017,SHS,SNPL,14,0.65
8/21/2017,SNO,Gull,2,1.8
8/21/2017,SNO,SAND,256,1.8
8/21/2017,SNO,SNPL,86,1.8
8/21/2017,SNO,Gull,10,1.8
8/21/2017,SSO,Gull,6,0.944444444
8/21/2017,SSO,Gull,1,0.944444444
8/21/2017,SSO,SAND,1447,0.944444444
8/21/2017,SSO,SNPL,254,0.944444444
8/21/2017,SSO,Gull,54,0.944444444
8/21/2017,WAL,Gull,15,2.461538462
8/21/2017,WAL,Gull,5,2.461538462
8/21/2017,WAL,SAND,143,2.461538462
8/21/2017,WAL,SNPL,39,2.461538462
8/21/2017,WAL,Gull,85,2.461538462
8/28/2017,MIN,Gull,100,1.666666667
8/28/2017,MIN,Gull,163,1.666666667
8/28/2017,MIN,Gull,25,1.666666667
8/28/2017,PNO,Gull,3,1.833333333
8/28/2017,PNO,SAND,370,1.833333333
8/28/2017,PNO,SNPL,17,1.833333333
8/28/2017,PNO,Gull,14,1.833333333
8/28/2017,SAN,Gull,1,0.95
8/28/2017,SAN,SAND,45,0.95
8/28/2017,SAN,SNPL,60,0.95
8/28/2017,SHN,Gull,1,1.230769231
8/28/2017,SHN,Gull,3,1.230769231
8/28/2017,SHN,SAND,1,1.230769231
8/28/2017,SHN,SNPL,24,1.230769231
8/28/2017,SHN,Gull,5,1.230769231
8/28/2017,SHS,Gull,2,1.1
8/28/2017,SHS,SAND,189,1.1
8/28/2017,SHS,SNPL,20,1.1
8/28/2017,SHS,Gull,7,1.1
9/4/2017,SNO,Gull,5,1
9/4/2017,SNO,SAND,257,1
9/4/2017,SNO,SNPL,106,1
9/4/2017,SNO,Gull,4,1
9/4/2017,SSO,SAND,25,0.5
9/4/2017,SSO,SNPL,28,0.5
9/4/2017,SSO,Gull,3,0.5
9/4/2017,WAL,Gull,9,1.692307692
9/4/2017,WAL,Gull,10,1.692307692
9/4/2017,WAL,SAND,14,1.692307692
9/4/2017,WAL,SNPL,38,1.692307692
9/4/2017,WAL,Gull,40,1.692307692
9/11/2017,MIN,Gull,75,1.666666667
9/11/2017,MIN,Gull,168,1.666666667
9/11/2017,MIN,SNPL,2,1.666666667
9/11/2017,MIN,Gull,78,1.666666667
9/11/2017,PNO,SAND,5,1.666666667
9/11/2017,PNO,SNPL,2,1.666666667
9/11/2017,SAN,Gull,10,1.4
9/11/2017,SAN,Gull,5,1.4
9/11/2017,SAN,SAND,10,1.4
9/11/2017,SAN,SNPL,82,1.4
9/11/2017,SAN,Gull,37,1.4
9/11/2017,SHN,SAND,2,1
9/11/2017,SHN,SNPL,27,1
9/11/2017,SHS,SNPL,5,0.75
9/18/2017,SNO,Gull,3,1.333333333
9/18/2017,SNO,SAND,286,1.333333333
9/18/2017,SNO,SNPL,157,1.333333333
9/18/2017,SNO,Gull,5,1.333333333
9/18/2017,SSO,Gull,5,0.972222222
9/18/2017,SSO,SAND,1,0.972222222
9/18/2017,SSO,SNPL,1,0.972222222
9/18/2017,SSO,Gull,34,0.972222222
9/18/2017,WAL,Gull,7,2.153846154
9/18/2017,WAL,SAND,160,2.153846154
9/18/2017,WAL,SNPL,30,2.153846154
9/18/2017,WAL,Gull,1,2.153846154
9/25/2017,MIN,SAND,123,1.833333333
9/25/2017,MIN,SNPL,9,1.833333333
9/25/2017,PNO,SAND,84,1.666666667
9/25/2017,SAN,Gull,2,1.35
9/25/2017,SAN,SAND,120,1.35
9/25/2017,SAN,SNPL,49,1.35
9/25/2017,SAN,Gull,22,1.35
9/25/2017,SHN,SAND,140,1.038461538
9/25/2017,SHN,SNPL,23,1.038461538
9/25/2017,SHS,SAND,195,0.8
9/25/2017,SHS,SNPL,9,0.8
9/25/2017,SHS,Gull,5,0.8
10/9/2017,MIN,SAND,35,0.583333333
10/9/2017,MIN,SNPL,19,0.583333333
10/9/2017,MIN,Gull,3,0.583333333
10/9/2017,PNO,SAND,7,1.333333333
10/9/2017,SAN,Gull,3,0.725
10/9/2017,SAN,SAND,401,0.725
10/9/2017,SAN,SNPL,43,0.725
10/9/2017,SAN,Gull,14,0.725
10/9/2017,SHN,SAND,218,0.5
10/9/2017,SHN,SNPL,19,0.5
10/9/2017,SHN,Gull,4,0.5
10/9/2017,SHS,SAND,147,0.5
10/9/2017,SHS,SNPL,4,0.5
10/9/2017,SNO,SAND,181,1
10/9/2017,SNO,SNPL,56,1
10/9/2017,SSO,SAND,10,1.444444444
10/9/2017,SSO,SNPL,1,1.444444444
10/9/2017,SSO,Gull,10,1.444444444
10/9/2017,WAL,SAND,114,2.269230769
10/9/2017,WAL,SNPL,33,2.269230769
11/13/2017,MIN,SAND,95,1.666666667
11/13/2017,MIN,SNPL,14,1.666666667
11/13/2017,PNO,SAND,5,2
11/13/2017,PNO,SNPL,1,2
11/13/2017,PNO,Gull,2,2
11/13/2017,SAN,Gull,25,1.575
11/13/2017,SAN,SAND,158,1.575
11/13/2017,SAN,SNPL,33,1.575
11/13/2017,SAN,Gull,26,1.575
11/13/2017,SHN,Gull,12,1.846153846
11/13/2017,SHN,Gull,10,1.846153846
11/13/2017,SHN,SAND,125,1.846153846
11/13/2017,SHN,SNPL,14,1.846153846
11/13/2017,SHN,Gull,10,1.846153846
11/13/2017,SHS,SAND,97,1.5
11/13/2017,SHS,SNPL,1,1.5
11/13/2017,SHS,Gull,1,1.5
11/13/2017,SNO,SAND,64,1.466666667
11/13/2017,SNO,SNPL,54,1.466666667
11/13/2017,SSO,Gull,1,0.75
11/13/2017,SSO,SAND,220,0.75
11/13/2017,SSO,SNPL,10,0.75
11/13/2017,SSO,Gull,4,0.75
11/13/2017,WAL,Gull,40,1.576923077
11/13/2017,WAL,SAND,18,1.576923077
11/13/2017,WAL,SNPL,29,1.576923077
12/18/2017,MIN,Gull,1,1.166666667
12/18/2017,MIN,SAND,29,1.166666667
12/18/2017,MIN,SNPL,22,1.166666667
12/18/2017,MIN,Gull,1,1.166666667
12/18/2017,PNO,SAND,4,0.75
12/18/2017,SAN,Gull,1,0.3
12/18/2017,SAN,SAND,50,0.3
12/18/2017,SAN,SNPL,37,0.3
12/18/2017,SAN,Gull,9,0.3
12/18/2017,SHN,SAND,53,0.884615385
12/18/2017,SHN,SNPL,22,0.884615385
12/18/2017,SHS,SAND,54,0.65
12/18/2017,SHS,SNPL,13,0.65
12/18/2017,SNO,SAND,31,0.533333333
12/18/2017,SNO,SNPL,32,0.533333333
12/18/2017,SSO,SAND,119,0.888888889
12/18/2017,SSO,SNPL,24,0.888888889
12/18/2017,WAL,Gull,80,1
12/18/2017,WAL,SAND,16,1
12/18/2017,WAL,SNPL,24,1
1/22/2018,MIN,Gull,1,0.833333333
1/22/2018,MIN,SAND,22,0.833333333
1/22/2018,MIN,SNPL,4,0.833333333
1/22/2018,SAN,SAND,136,0.325
1/22/2018,SAN,SNPL,9,0.325
1/22/2018,SAN,Gull,2,0.325
1/22/2018,SHN,SAND,152,0.692307692
1/22/2018,SHN,SNPL,24,0.692307692
1/22/2018,SHS,SAND,30,0.25
1/22/2018,SNO,SAND,170,1.3
1/22/2018,SNO,SNPL,36,1.3
1/22/2018,SSO,SAND,67,1.055555556
1/22/2018,SSO,SNPL,23,1.055555556
1/22/2018,WAL,Gull,10,1.076923077
1/22/2018,WAL,SAND,101,1.076923077
1/22/2018,WAL,SNPL,21,1.076923077
1/22/2018,WAL,Gull,6,1.076923077
2/19/2018,MIN,SAND,2,0.75
2/19/2018,MIN,SNPL,8,0.75
2/19/2018,PNO,SAND,21,0.5
2/19/2018,PNO,SNPL,3,0.5
2/19/2018,SAN,SAND,178,0.4
2/19/2018,SAN,SNPL,19,0.4
2/19/2018,SHN,SAND,51,1.615384615
2/19/2018,SHN,SNPL,13,1.615384615
2/19/2018,SHS,SAND,50,0.8
2/19/2018,SHS,SNPL,9,0.8
2/19/2018,SNO,SAND,161,0.933333333
2/19/2018,SNO,SNPL,24,0.933333333
2/19/2018,SSO,SAND,153,0.583333333
2/19/2018,SSO,SNPL,23,0.583333333
2/19/2018,WAL,SAND,72,1.038461538
2/19/2018,WAL,SNPL,37,1.038461538
3/5/2018,SNO,Gull,4,0.142857143
3/5/2018,SNO,SAND,75,0.142857143
3/5/2018,SNO,SNPL,47,0.142857143
3/5/2018,SSO,SAND,205,0.222222222
3/5/2018,SSO,SNPL,33,0.222222222
3/5/2018,WAL,SAND,125,0
3/5/2018,WAL,SNPL,54,0
3/12/2018,MIN,SNPL,2,1
3/12/2018,PNO,SNPL,2,0.833333333
3/12/2018,SAN,SAND,82,0.75
3/12/2018,SAN,SNPL,61,0.75
3/12/2018,SHN,SAND,41,1.038461538
3/12/2018,SHN,SNPL,32,1.038461538
3/12/2018,SHS,SAND,75,0.7
3/12/2018,SHS,SNPL,8,0.7
3/19/2018,SNO,SAND,482,1.3
3/19/2018,SNO,SNPL,43,1.3
3/19/2018,SSO,SAND,120,1.25
3/19/2018,SSO,SNPL,24,1.25
3/19/2018,WAL,SAND,19,0.846153846
3/19/2018,WAL,SNPL,32,0.846153846
3/26/2018,MIN,SAND,4,0.75
3/26/2018,MIN,SNPL,2,0.75
3/26/2018,SAN,Gull,1,0.4
3/26/2018,SAN,SAND,185,0.4
3/26/2018,SAN,SNPL,60,0.4
3/26/2018,SHN,SAND,225,0.884615385
3/26/2018,SHN,SNPL,25,0.884615385
3/26/2018,SHS,SAND,175,0.5
3/26/2018,SHS,SNPL,15,0.5
4/2/2018,SNO,SAND,246,1.233333333
4/2/2018,SNO,SNPL,59,1.233333333
4/2/2018,SSO,SAND,385,1.027777778
4/2/2018,SSO,SNPL,45,1.027777778
4/2/2018,WAL,SAND,62,1.884615385
4/2/2018,WAL,SNPL,58,1.884615385
4/2/2018,WAL,Gull,1,1.884615385
4/16/2018,SNO,SAND,350,0.944444444
4/16/2018,SNO,SNPL,51,0.944444444
4/16/2018,SSO,SAND,1369,1.25
4/16/2018,SSO,SNPL,44,1.25
4/16/2018,SSO,Gull,3,1.25
4/23/2018,MIN,SAND,10,0.916666667
4/23/2018,MIN,SNPL,6,0.916666667
4/23/2018,PNO,SAND,2,0.666666667
4/23/2018,PNO,SNPL,7,0.666666667
4/23/2018,SAN,SAND,47,1.05
4/23/2018,SAN,SNPL,50,1.05
4/23/2018,SAN,Gull,4,1.05
4/23/2018,SHN,Gull,1,0.730769231
4/23/2018,SHN,SAND,10,0.730769231
4/23/2018,SHN,SNPL,15,0.730769231
4/23/2018,SHS,SAND,75,0.55
4/23/2018,SHS,SNPL,17,0.55
4/30/2018,SNO,SAND,62,1.1
4/30/2018,SNO,SNPL,55,1.1
4/30/2018,SSO,SAND,1085,0.916666667
4/30/2018,SSO,SNPL,42,0.916666667
4/30/2018,WAL,SAND,498,1.538461538
4/30/2018,WAL,SNPL,44,1.538461538
5/7/2018,MIN,SNPL,5,1.083333333
5/7/2018,PNO,SAND,11,0.5
5/7/2018,PNO,SNPL,4,0.5
5/7/2018,SAN,Gull,55,0.55
5/7/2018,SAN,SAND,135,0.55
5/7/2018,SAN,SNPL,53,0.55
5/7/2018,SAN,Gull,1,0.55
5/7/2018,SHN,SAND,478,0.923076923
5/7/2018,SHN,SNPL,2,0.923076923
5/7/2018,SHN,Gull,56,0.923076923
5/7/2018,SHS,SAND,225,0.75
5/7/2018,SHS,SNPL,6,0.75
5/7/2018,SHS,Gull,1,0.75
5/7/2018,SNO,SAND,206,1.785714286
5/7/2018,SNO,SNPL,62,1.785714286
5/7/2018,SSO,SAND,550,0.861111111
5/7/2018,SSO,SNPL,43,0.861111111
5/7/2018,SSO,Gull,3,0.861111111
5/7/2018,WAL,SAND,122,2.307692308
5/7/2018,WAL,SNPL,61,2.307692308
5/21/2018,PNO,SAND,1,0.333333333
5/21/2018,PNO,SNPL,5,0.333333333
5/21/2018,SAN,SNPL,63,0.625
5/21/2018,SHN,Gull,3,1
5/21/2018,SHS,SNPL,3,0.85
5/21/2018,SNO,Gull,17,1.166666667
5/21/2018,SNO,SAND,3,1.166666667
5/21/2018,SNO,SNPL,61,1.166666667
5/21/2018,SNO,Gull,2,1.166666667
5/21/2018,SSO,Gull,14,0.944444444
5/21/2018,SSO,SAND,5,0.944444444
5/21/2018,SSO,SNPL,39,0.944444444
5/21/2018,WAL,Gull,60,1.807692308
5/21/2018,WAL,SAND,63,1.807692308
5/21/2018,WAL,SNPL,47,1.807692308
5/21/2018,WAL,Gull,7,1.807692308
6/4/2018,MIN,Gull,24,1.5
6/4/2018,PNO,Gull,1,0.833333333
6/4/2018,PNO,SNPL,6,0.833333333
6/4/2018,SAN,Gull,27,0.75
6/4/2018,SAN,SNPL,73,0.75
6/4/2018,SAN,Gull,3,0.75
6/4/2018,SHN,Gull,19,0.923076923
6/4/2018,SHN,SNPL,3,0.923076923
6/4/2018,SHS,Gull,36,0.95
6/4/2018,SHS,SAND,10,0.95
6/4/2018,SHS,SNPL,9,0.95
6/4/2018,SHS,Gull,2,0.95
6/4/2018,SNO,Gull,26,1.6
6/4/2018,SNO,SNPL,61,1.6
6/4/2018,SNO,Gull,4,1.6
6/4/2018,SSO,Gull,17,1.027777778
6/4/2018,SSO,SNPL,49,1.027777778
6/4/2018,WAL,Gull,45,2
6/4/2018,WAL,SNPL,73,2
6/18/2018,MIN,Gull,1,1.666666667
6/18/2018,PNO,Gull,5,0.333333333
6/18/2018,PNO,SNPL,5,0.333333333
6/18/2018,PNO,Gull,4,0.333333333
6/18/2018,SAN,Gull,26,0.9
6/18/2018,SAN,SNPL,76,0.9
6/18/2018,SHN,Gull,4,1.346153846
6/18/2018,SHN,SNPL,2,1.346153846
6/18/2018,SHS,Gull,22,0.9
6/18/2018,SHS,SNPL,11,0.9
6/18/2018,SHS,Gull,5,0.9
6/18/2018,SNO,Gull,9,1.733333333
6/18/2018,SNO,SNPL,88,1.733333333
6/18/2018,SSO,Gull,8,0.944444444
6/18/2018,SSO,SNPL,60,0.944444444
6/18/2018,WAL,Gull,30,2.269230769
6/18/2018,WAL,Gull,5,2.269230769
6/18/2018,WAL,SAND,3,2.269230769
6/18/2018,WAL,SNPL,59,2.269230769
6/18/2018,WAL,Gull,30,2.269230769
7/2/2018,MIN,Gull,1,2
7/2/2018,MIN,Gull,1,2
7/2/2018,PNO,Gull,1,1.333333333
7/2/2018,PNO,SNPL,1,1.333333333
7/2/2018,SAN,Gull,26,0.7
7/2/2018,SAN,SNPL,55,0.7
7/2/2018,SAN,Gull,65,0.7
7/2/2018,SHN,SNPL,1,1.307692308
7/2/2018,SHS,Gull,11,1.2
7/2/2018,SHS,SNPL,11,1.2
7/2/2018,SHS,Gull,13,1.2
7/9/2018,SNO,Gull,1,1.5
7/9/2018,SNO,SNPL,85,1.5
7/9/2018,SSO,Gull,7,0.944444444
7/9/2018,SSO,SNPL,57,0.944444444
7/9/2018,WAL,Gull,6,2.153846154
7/9/2018,WAL,SNPL,73,2.153846154
7/9/2018,WAL,Gull,25,2.153846154
7/16/2018,MIN,Gull,2,2
7/16/2018,MIN,Gull,2,2
7/16/2018,PNO,SNPL,4,0.833333333
7/16/2018,SAN,Gull,2,0.975
7/16/2018,SAN,Gull,120,0.975
7/16/2018,SAN,SAND,4,0.975
7/16/2018,SAN,SNPL,53,0.975
7/16/2018,SAN,Gull,70,0.975
7/16/2018,SHN,SNPL,11,1.461538462
7/16/2018,SHS,SAND,1,1.2
7/16/2018,SHS,SNPL,10,1.2
7/23/2018,SNO,Gull,4,1.733333333
7/23/2018,SNO,SAND,120,1.733333333
7/23/2018,SNO,SNPL,97,1.733333333
7/23/2018,SSO,Gull,1,0.722222222
7/23/2018,SSO,Gull,1,0.722222222
7/23/2018,SSO,SAND,6,0.722222222
7/23/2018,SSO,SNPL,40,0.722222222
7/23/2018,WAL,Gull,10,2.153846154
7/23/2018,WAL,SAND,37,2.153846154
7/23/2018,WAL,SNPL,57,2.153846154
7/23/2018,WAL,Gull,15,2.153846154
7/30/2018,MIN,SNPL,1,1.833333333
7/30/2018,PNO,Gull,15,1.666666667
7/30/2018,PNO,Gull,10,1.666666667
7/30/2018,PNO,SAND,50,1.666666667
7/30/2018,PNO,SNPL,8,1.666666667
7/30/2018,PNO,Gull,18,1.666666667
7/30/2018,SAN,SNPL,45,1.775
7/30/2018,SAN,Gull,14,1.775
7/30/2018,SHN,Gull,1,0.846153846
7/30/2018,SHN,SNPL,10,0.846153846
7/30/2018,SHN,Gull,1,0.846153846
7/30/2018,SHS,SNPL,12,1.1
8/13/2018,MIN,Gull,1,1.416666667
8/13/2018,MIN,Gull,1,1.416666667
8/13/2018,PNO,SAND,40,0.833333333
8/13/2018,PNO,SNPL,12,0.833333333
8/13/2018,PNO,Gull,7,0.833333333
8/13/2018,SAN,Gull,6,1.15
8/13/2018,SAN,Gull,21,1.15
8/13/2018,SAN,SAND,220,1.15
8/13/2018,SAN,SNPL,48,1.15
8/13/2018,SAN,Gull,52,1.15
8/13/2018,SHN,SNPL,26,1
8/13/2018,SHN,Gull,7,1
8/13/2018,SHS,Gull,4,1.1
8/13/2018,SHS,SNPL,11,1.1
8/13/2018,SHS,Gull,2,1.1
8/13/2018,SNO,SAND,533,2.3
8/13/2018,SNO,SNPL,119,2.3
8/13/2018,SSO,Gull,1,0.694444444
8/13/2018,SSO,SAND,50,0.694444444
8/13/2018,SSO,SNPL,42,0.694444444
8/13/2018,SSO,Gull,22,0.694444444
8/13/2018,WAL,Gull,3,2
8/13/2018,WAL,SAND,150,2
8/13/2018,WAL,SNPL,50,2
8/20/2018,SNO,SAND,577,2.033333333
8/20/2018,SNO,SNPL,100,2.033333333
8/20/2018,SSO,Gull,1,0.777777778
8/20/2018,SSO,SAND,1,0.777777778
8/20/2018,SSO,SNPL,22,0.777777778
8/20/2018,SSO,Gull,40,0.777777778
8/20/2018,WAL,Gull,2,2
8/20/2018,WAL,SAND,545,2
8/20/2018,WAL,SNPL,61,2
8/27/2018,MIN,Gull,13,1.166666667
8/27/2018,MIN,Gull,15,1.166666667
8/27/2018,MIN,Gull,11,1.166666667
8/27/2018,PNO,SAND,185,1.833333333
8/27/2018,PNO,SNPL,7,1.833333333
8/27/2018,PNO,Gull,1,1.833333333
8/27/2018,SAN,Gull,4,1.025
8/27/2018,SAN,Gull,22,1.025
8/27/2018,SAN,SNPL,46,1.025
8/27/2018,SAN,Gull,30,1.025
8/27/2018,SHN,SNPL,18,0.884615385
8/27/2018,SHN,Gull,1,0.884615385
8/27/2018,SHS,Gull,5,1
8/27/2018,SHS,SNPL,5,1
9/3/2018,SNO,Gull,3,1.866666667
9/3/2018,SNO,SAND,188,1.866666667
9/3/2018,SNO,SNPL,65,1.866666667
9/3/2018,SNO,Gull,20,1.866666667
9/3/2018,SSO,Gull,3,1.944444444
9/3/2018,SSO,Gull,5,1.944444444
9/3/2018,SSO,SAND,230,1.944444444
9/3/2018,SSO,SNPL,33,1.944444444
9/3/2018,SSO,Gull,20,1.944444444
9/3/2018,WAL,Gull,36,2.153846154
9/3/2018,WAL,SAND,264,2.153846154
9/3/2018,WAL,SNPL,86,2.153846154
9/3/2018,WAL,Gull,21,2.153846154
9/10/2018,MIN,Gull,18,2.833333333
9/10/2018,MIN,Gull,83,2.833333333
9/10/2018,MIN,SAND,203,2.833333333
9/10/2018,MIN,Gull,7,2.833333333
9/10/2018,PNO,SAND,15,1.666666667
9/10/2018,PNO,Gull,3,1.666666667
9/10/2018,SAN,Gull,226,1.1
9/10/2018,SAN,Gull,48,1.1
9/10/2018,SAN,SAND,56,1.1
9/10/2018,SAN,SNPL,34,1.1
9/10/2018,SAN,Gull,19,1.1
9/10/2018,SHN,Gull,4,1.153846154
9/10/2018,SHN,SAND,9,1.153846154
9/10/2018,SHN,SNPL,26,1.153846154
9/10/2018,SHN,Gull,2,1.153846154
9/10/2018,SHS,Gull,1,1.6
9/10/2018,SHS,SAND,5,1.6
9/10/2018,SHS,SNPL,26,1.6
9/10/2018,SHS,Gull,4,1.6
9/17/2018,SNO,Gull,1,2.4
9/17/2018,SNO,SAND,99,2.4
9/17/2018,SNO,SNPL,112,2.4
9/17/2018,SNO,Gull,3,2.4
9/17/2018,SSO,Gull,2,1.611111111
9/17/2018,SSO,SAND,172,1.611111111
9/17/2018,SSO,SNPL,21,1.611111111
9/17/2018,SSO,Gull,11,1.611111111
9/17/2018,WAL,SAND,42,2.230769231
9/17/2018,WAL,SNPL,53,2.230769231
9/17/2018,WAL,Gull,40,2.230769231
9/24/2018,MIN,Gull,10,1.5
9/24/2018,MIN,Gull,4,1.5
9/24/2018,MIN,SAND,26,1.5
9/24/2018,MIN,Gull,20,1.5
9/24/2018,PNO,SAND,15,1.666666667
9/24/2018,PNO,SNPL,2,1.666666667
9/24/2018,PNO,Gull,2,1.666666667
9/24/2018,SAN,Gull,31,1
9/24/2018,SAN,Gull,3,1
9/24/2018,SAN,SAND,87,1
9/24/2018,SAN,SNPL,36,1
9/24/2018,SAN,Gull,19,1
9/24/2018,SHN,Gull,11,0.961538462
9/24/2018,SHN,Gull,5,0.961538462
9/24/2018,SHN,SNPL,5,0.961538462
9/24/2018,SHN,Gull,7,0.961538462
9/24/2018,SHS,Gull,1,1.3
9/24/2018,SHS,SAND,721,1.3
9/24/2018,SHS,SNPL,120,1.3
9/24/2018,SHS,Gull,7,1.3
1/20/2014,PNO,NA,NA,1
1/20/2014,SHS,NA,NA,1
1/22/2018,PNO,NA,NA,0.833333333
1/23/2017,MIN,NA,NA,1
11/11/2013,PNO,NA,NA,2.5
2/10/2014,SHS,NA,NA,1.05
2/10/2014,WAL,NA,NA,2.307692308
2/20/2017,PNO,NA,NA,1.333333333
3/11/2013,MIN,NA,NA,1
3/11/2013,PNO,NA,NA,1
3/12/2012,PNO,NA,NA,0
3/13/2017,PNO,NA,NA,0.75
3/16/2015,MIN,NA,NA,1
3/19/2012,PNO,NA,NA,0
3/21/2016,SHN,NA,NA,0.5
3/26/2018,PNO,NA,NA,0.833333333
3/30/2015,MIN,NA,NA,1.833333333
3/7/2016,SAN,NA,NA,0.6
4/13/2015,SHN,NA,NA,0.769230769
4/2/2012,SAN,NA,NA,1
4/20/2015,MIN,NA,NA,0.5
4/21/2014,SHN,NA,NA,1
4/27/2015,MIN,NA,NA,0.75
4/8/2013,SHS,NA,NA,1.4
4/9/2012,PNO,NA,NA,1
5/16/2016,MIN,NA,NA,0.583333333
5/18/2015,MIN,NA,NA,1.083333333
5/21/2018,MIN,NA,NA,1
5/4/2015,MIN,NA,NA,1.166666667
5/8/2017,MIN,NA,NA,1.166666667
6/20/2016,MIN,NA,NA,1.25
6/24/2013,MIN,NA,NA,2
6/3/2013,MIN,NA,NA,2
6/4/2012,PNO,NA,NA,1
6/8/2015,MIN,NA,NA,1.916666667
7/1/2013,MIN,NA,NA,2.166666667
7/16/2012,MIN,NA,NA,1.75
7/17/2017,MIN,NA,NA,1.166666667
7/20/2015,MIN,NA,NA,1.5
7/6/2015,MIN,NA,NA,1.5
7/6/2015,SHN,NA,NA,0.692307692
7/7/2014,MIN,NA,NA,2.833333333
7/8/2013,MIN,NA,NA,2.166666667
8/3/2015,MIN,NA,NA,1.75
8/5/2013,MIN,NA,NA,2.083333333
9/16/2013,MIN,NA,NA,2.5
9/9/2013,SSO,NA,NA,3
